Kỳ dữ liệu,Cặp phân tích,Chiều 1,Giá trị chiều 1,Chiều 2,Giá trị chiều 2,Cấp sản phẩm,Số dòng nguồn,Ads Cost (VND),Nguồn,Sheet,Dòng nguồn,Mapping version,Trạng thái coverage,Lý do,Bước xử lý
2026-03,Nền tảng × Sản phẩm,Publisher platform,Không có trong source,Sản phẩm,Chưa kiểm tra được,,,,JOYCAT_CAMPAIGN_3_THANG_CO_CHI_PHI_OBJECTIVE_DEMO.xlsx,Campaign_3_tháng,,,Thiếu nguồn/thiếu chiều,Dataset hiện tại không có Publisher platform; không được tự gán Facebook/Instagram/WhatsApp.,Xin breakdown Publisher platform cùng kỳ và khóa nối/grain tương thích.
2026-03,Nền tảng × Phễu,Publisher platform,Không có trong source,Phễu,Chưa kiểm tra được,,,,JOYCAT_CAMPAIGN_3_THANG_CO_CHI_PHI_OBJECTIVE_DEMO.xlsx,Campaign_3_tháng,,,Thiếu nguồn/thiếu chiều,Dataset hiện tại không có Publisher platform; không được tự gán Facebook/Instagram/WhatsApp.,Xin breakdown Publisher platform cùng kỳ và khóa nối/grain tương thích.
2026-03,Nền tảng × Campaign objective,Publisher platform,Không có trong source,Campaign objective,Chưa kiểm tra được,,,,JOYCAT_CAMPAIGN_3_THANG_CO_CHI_PHI_OBJECTIVE_DEMO.xlsx,Campaign_3_tháng,,,Thiếu nguồn/thiếu chiều,Dataset hiện tại không có Publisher platform; không được tự gán Facebook/Instagram/WhatsApp.,Xin breakdown Publisher platform cùng kỳ và khóa nối/grain tương thích.
2026-04,Nền tảng × Sản phẩm,Publisher platform,Không có trong source,Sản phẩm,Chưa kiểm tra được,,,,JOYCAT_CAMPAIGN_3_THANG_CO_CHI_PHI_OBJECTIVE_DEMO.xlsx,Campaign_3_tháng,,,Thiếu nguồn/thiếu chiều,Dataset hiện tại không có Publisher platform; không được tự gán Facebook/Instagram/WhatsApp.,Xin breakdown Publisher platform cùng kỳ và khóa nối/grain tương thích.
2026-04,Nền tảng × Phễu,Publisher platform,Không có trong source,Phễu,Chưa kiểm tra được,,,,JOYCAT_CAMPAIGN_3_THANG_CO_CHI_PHI_OBJECTIVE_DEMO.xlsx,Campaign_3_tháng,,,Thiếu nguồn/thiếu chiều,Dataset hiện tại không có Publisher platform; không được tự gán Facebook/Instagram/WhatsApp.,Xin breakdown Publisher platform cùng kỳ và khóa nối/grain tương thích.
2026-04,Nền tảng × Campaign objective,Publisher platform,Không có trong source,Campaign objective,Chưa kiểm tra được,,,,JOYCAT_CAMPAIGN_3_THANG_CO_CHI_PHI_OBJECTIVE_DEMO.xlsx,Campaign_3_tháng,,,Thiếu nguồn/thiếu chiều,Dataset hiện tại không có Publisher platform; không được tự gán Facebook/Instagram/WhatsApp.,Xin breakdown Publisher platform cùng kỳ và khóa nối/grain tương thích.
2026-05,Nền tảng × Sản phẩm,Publisher platform,Không có trong source,Sản phẩm,Chưa kiểm tra được,,,,JOYCAT_CAMPAIGN_3_THANG_CO_CHI_PHI_OBJECTIVE_DEMO.xlsx,Campaign_3_tháng,,,Thiếu nguồn/thiếu chiều,Dataset hiện tại không có Publisher platform; không được tự gán Facebook/Instagram/WhatsApp.,Xin breakdown Publisher platform cùng kỳ và khóa nối/grain tương thích.
2026-05,Nền tảng × Phễu,Publisher platform,Không có trong source,Phễu,Chưa kiểm tra được,,,,JOYCAT_CAMPAIGN_3_THANG_CO_CHI_PHI_OBJECTIVE_DEMO.xlsx,Campaign_3_tháng,,,Thiếu nguồn/thiếu chiều,Dataset hiện tại không có Publisher platform; không được tự gán Facebook/Instagram/WhatsApp.,Xin breakdown Publisher platform cùng kỳ và khóa nối/grain tương thích.
2026-05,Nền tảng × Campaign objective,Publisher platform,Không có trong source,Campaign objective,Chưa kiểm tra được,,,,JOYCAT_CAMPAIGN_3_THANG_CO_CHI_PHI_OBJECTIVE_DEMO.xlsx,Campaign_3_tháng,,,Thiếu nguồn/thiếu chiều,Dataset hiện tại không có Publisher platform; không được tự gán Facebook/Instagram/WhatsApp.,Xin breakdown Publisher platform cùng kỳ và khóa nối/grain tương thích.
2026-03,Phễu × Sản phẩm,Phễu,TOFU,Sản phẩm,Vi sinh khử mùi,Nhóm sản phẩm,2,1781257,JOYCAT_CAMPAIGN_3_THANG_CO_CHI_PHI_OBJECTIVE_DEMO.xlsx,Campaign_3_tháng,"17,23",Phễu: chưa khóa; Sản phẩm: inference_name_v0,Tính được một phần bằng human mapping,Phễu và nhóm sản phẩm được gắn/suy luận trên cùng dòng Campaign; chưa xác minh tới listing/SKU.,Khóa rule/version Phễu và owner duyệt mapping nhóm sản phẩm; xin Ads ID → Item ID/SKU nếu cần xuống listing.
2026-03,Phễu × Sản phẩm,Phễu,TOFU,Sản phẩm,Cát Sắn Natural,Nhóm sản phẩm,3,2183688,JOYCAT_CAMPAIGN_3_THANG_CO_CHI_PHI_OBJECTIVE_DEMO.xlsx,Campaign_3_tháng,"8,12,15",Phễu: chưa khóa; Sản phẩm: inference_name_v0,Tính được một phần bằng human mapping,Phễu và nhóm sản phẩm được gắn/suy luận trên cùng dòng Campaign; chưa xác minh tới listing/SKU.,Khóa rule/version Phễu và owner duyệt mapping nhóm sản phẩm; xin Ads ID → Item ID/SKU nếu cần xuống listing.
2026-03,Phễu × Sản phẩm,Phễu,TOFU,Sản phẩm,Cát Mix PerformX,Nhóm sản phẩm,1,748746,JOYCAT_CAMPAIGN_3_THANG_CO_CHI_PHI_OBJECTIVE_DEMO.xlsx,Campaign_3_tháng,22,Phễu: chưa khóa; Sản phẩm: inference_name_v0,Tính được một phần bằng human mapping,Phễu và nhóm sản phẩm được gắn/suy luận trên cùng dòng Campaign; chưa xác minh tới listing/SKU.,Khóa rule/version Phễu và owner duyệt mapping nhóm sản phẩm; xin Ads ID → Item ID/SKU nếu cần xuống listing.
2026-03,Phễu × Sản phẩm,Phễu,TOFU,Sản phẩm,Cát Khoáng MineralX,Nhóm sản phẩm,,,JOYCAT_CAMPAIGN_3_THANG_CO_CHI_PHI_OBJECTIVE_DEMO.xlsx,Campaign_3_tháng,,Phễu: chưa khóa; Sản phẩm: inference_name_v0,Chưa quan sát tổ hợp trong phạm vi đã kiểm tra,Không có dòng Campaign được gắn vào tổ hợp này; không được đổi thành Ads Cost = 0.,Giữ giá trị trống; xác nhận lại sau khi mapping được duyệt hoặc có nguồn chi tiết hơn.
2026-03,Phễu × Sản phẩm,Phễu,TOFU,Sản phẩm,Cát Đậu Nành Mix Khoáng PowerX,Nhóm sản phẩm,,,JOYCAT_CAMPAIGN_3_THANG_CO_CHI_PHI_OBJECTIVE_DEMO.xlsx,Campaign_3_tháng,,Phễu: chưa khóa; Sản phẩm: inference_name_v0,Chưa quan sát tổ hợp trong phạm vi đã kiểm tra,Không có dòng Campaign được gắn vào tổ hợp này; không được đổi thành Ads Cost = 0.,Giữ giá trị trống; xác nhận lại sau khi mapping được duyệt hoặc có nguồn chi tiết hơn.
2026-03,Phễu × Sản phẩm,Phễu,TOFU,Sản phẩm,Cát Sắn Mix Đậu Nành Tofuu.X,Nhóm sản phẩm,,,JOYCAT_CAMPAIGN_3_THANG_CO_CHI_PHI_OBJECTIVE_DEMO.xlsx,Campaign_3_tháng,,Phễu: chưa khóa; Sản phẩm: inference_name_v0,Chưa quan sát tổ hợp trong phạm vi đã kiểm tra,Không có dòng Campaign được gắn vào tổ hợp này; không được đổi thành Ads Cost = 0.,Giữ giá trị trống; xác nhận lại sau khi mapping được duyệt hoặc có nguồn chi tiết hơn.
2026-03,Phễu × Sản phẩm,Phễu,TOFU,Sản phẩm,Cát nói chung,Ngành hàng,,,JOYCAT_CAMPAIGN_3_THANG_CO_CHI_PHI_OBJECTIVE_DEMO.xlsx,Campaign_3_tháng,,Phễu: chưa khóa; Sản phẩm: inference_name_v0,Chưa quan sát tổ hợp trong phạm vi đã kiểm tra,Không có dòng Campaign được gắn vào tổ hợp này; không được đổi thành Ads Cost = 0.,Giữ giá trị trống; xác nhận lại sau khi mapping được duyệt hoặc có nguồn chi tiết hơn.
2026-03,Phễu × Sản phẩm,Phễu,TOFU,Sản phẩm,Shared/Unmapped,Shared/Unmapped,,,JOYCAT_CAMPAIGN_3_THANG_CO_CHI_PHI_OBJECTIVE_DEMO.xlsx,Campaign_3_tháng,,Phễu: chưa khóa; Sản phẩm: inference_name_v0,Chưa quan sát tổ hợp trong phạm vi đã kiểm tra,Không có dòng Campaign được gắn vào tổ hợp này; không được đổi thành Ads Cost = 0.,Giữ giá trị trống; xác nhận lại sau khi mapping được duyệt hoặc có nguồn chi tiết hơn.
2026-03,Phễu × Sản phẩm,Phễu,MOFU,Sản phẩm,Vi sinh khử mùi,Nhóm sản phẩm,1,2492392,JOYCAT_CAMPAIGN_3_THANG_CO_CHI_PHI_OBJECTIVE_DEMO.xlsx,Campaign_3_tháng,16,Phễu: chưa khóa; Sản phẩm: inference_name_v0,Tính được một phần bằng human mapping,Phễu và nhóm sản phẩm được gắn/suy luận trên cùng dòng Campaign; chưa xác minh tới listing/SKU.,Khóa rule/version Phễu và owner duyệt mapping nhóm sản phẩm; xin Ads ID → Item ID/SKU nếu cần xuống listing.
2026-03,Phễu × Sản phẩm,Phễu,MOFU,Sản phẩm,Cát Sắn Natural,Nhóm sản phẩm,4,11616569,JOYCAT_CAMPAIGN_3_THANG_CO_CHI_PHI_OBJECTIVE_DEMO.xlsx,Campaign_3_tháng,"9,10,11,14",Phễu: chưa khóa; Sản phẩm: inference_name_v0,Tính được một phần bằng human mapping,Phễu và nhóm sản phẩm được gắn/suy luận trên cùng dòng Campaign; chưa xác minh tới listing/SKU.,Khóa rule/version Phễu và owner duyệt mapping nhóm sản phẩm; xin Ads ID → Item ID/SKU nếu cần xuống listing.
2026-03,Phễu × Sản phẩm,Phễu,MOFU,Sản phẩm,Cát Mix PerformX,Nhóm sản phẩm,3,9346528,JOYCAT_CAMPAIGN_3_THANG_CO_CHI_PHI_OBJECTIVE_DEMO.xlsx,Campaign_3_tháng,"18,19,21",Phễu: chưa khóa; Sản phẩm: inference_name_v0,Tính được một phần bằng human mapping,Phễu và nhóm sản phẩm được gắn/suy luận trên cùng dòng Campaign; chưa xác minh tới listing/SKU.,Khóa rule/version Phễu và owner duyệt mapping nhóm sản phẩm; xin Ads ID → Item ID/SKU nếu cần xuống listing.
2026-03,Phễu × Sản phẩm,Phễu,MOFU,Sản phẩm,Cát Khoáng MineralX,Nhóm sản phẩm,,,JOYCAT_CAMPAIGN_3_THANG_CO_CHI_PHI_OBJECTIVE_DEMO.xlsx,Campaign_3_tháng,,Phễu: chưa khóa; Sản phẩm: inference_name_v0,Chưa quan sát tổ hợp trong phạm vi đã kiểm tra,Không có dòng Campaign được gắn vào tổ hợp này; không được đổi thành Ads Cost = 0.,Giữ giá trị trống; xác nhận lại sau khi mapping được duyệt hoặc có nguồn chi tiết hơn.
2026-03,Phễu × Sản phẩm,Phễu,MOFU,Sản phẩm,Cát Đậu Nành Mix Khoáng PowerX,Nhóm sản phẩm,,,JOYCAT_CAMPAIGN_3_THANG_CO_CHI_PHI_OBJECTIVE_DEMO.xlsx,Campaign_3_tháng,,Phễu: chưa khóa; Sản phẩm: inference_name_v0,Chưa quan sát tổ hợp trong phạm vi đã kiểm tra,Không có dòng Campaign được gắn vào tổ hợp này; không được đổi thành Ads Cost = 0.,Giữ giá trị trống; xác nhận lại sau khi mapping được duyệt hoặc có nguồn chi tiết hơn.
2026-03,Phễu × Sản phẩm,Phễu,MOFU,Sản phẩm,Cát Sắn Mix Đậu Nành Tofuu.X,Nhóm sản phẩm,,,JOYCAT_CAMPAIGN_3_THANG_CO_CHI_PHI_OBJECTIVE_DEMO.xlsx,Campaign_3_tháng,,Phễu: chưa khóa; Sản phẩm: inference_name_v0,Chưa quan sát tổ hợp trong phạm vi đã kiểm tra,Không có dòng Campaign được gắn vào tổ hợp này; không được đổi thành Ads Cost = 0.,Giữ giá trị trống; xác nhận lại sau khi mapping được duyệt hoặc có nguồn chi tiết hơn.
2026-03,Phễu × Sản phẩm,Phễu,MOFU,Sản phẩm,Cát nói chung,Ngành hàng,2,13010164,JOYCAT_CAMPAIGN_3_THANG_CO_CHI_PHI_OBJECTIVE_DEMO.xlsx,Campaign_3_tháng,"6,7",Phễu: chưa khóa; Sản phẩm: inference_name_v0,Tính được một phần bằng human mapping,Phễu và nhóm sản phẩm được gắn/suy luận trên cùng dòng Campaign; chưa xác minh tới listing/SKU.,Khóa rule/version Phễu và owner duyệt mapping nhóm sản phẩm; xin Ads ID → Item ID/SKU nếu cần xuống listing.
2026-03,Phễu × Sản phẩm,Phễu,MOFU,Sản phẩm,Shared/Unmapped,Shared/Unmapped,,,JOYCAT_CAMPAIGN_3_THANG_CO_CHI_PHI_OBJECTIVE_DEMO.xlsx,Campaign_3_tháng,,Phễu: chưa khóa; Sản phẩm: inference_name_v0,Chưa quan sát tổ hợp trong phạm vi đã kiểm tra,Không có dòng Campaign được gắn vào tổ hợp này; không được đổi thành Ads Cost = 0.,Giữ giá trị trống; xác nhận lại sau khi mapping được duyệt hoặc có nguồn chi tiết hơn.
2026-03,Phễu × Sản phẩm,Phễu,BOFU,Sản phẩm,Vi sinh khử mùi,Nhóm sản phẩm,1,7393707,JOYCAT_CAMPAIGN_3_THANG_CO_CHI_PHI_OBJECTIVE_DEMO.xlsx,Campaign_3_tháng,20,Phễu: chưa khóa; Sản phẩm: inference_name_v0,Tính được một phần bằng human mapping,Phễu và nhóm sản phẩm được gắn/suy luận trên cùng dòng Campaign; chưa xác minh tới listing/SKU.,Khóa rule/version Phễu và owner duyệt mapping nhóm sản phẩm; xin Ads ID → Item ID/SKU nếu cần xuống listing.
2026-03,Phễu × Sản phẩm,Phễu,BOFU,Sản phẩm,Cát Sắn Natural,Nhóm sản phẩm,1,1622641,JOYCAT_CAMPAIGN_3_THANG_CO_CHI_PHI_OBJECTIVE_DEMO.xlsx,Campaign_3_tháng,13,Phễu: chưa khóa; Sản phẩm: inference_name_v0,Tính được một phần bằng human mapping,Phễu và nhóm sản phẩm được gắn/suy luận trên cùng dòng Campaign; chưa xác minh tới listing/SKU.,Khóa rule/version Phễu và owner duyệt mapping nhóm sản phẩm; xin Ads ID → Item ID/SKU nếu cần xuống listing.
2026-03,Phễu × Sản phẩm,Phễu,BOFU,Sản phẩm,Cát Mix PerformX,Nhóm sản phẩm,,,JOYCAT_CAMPAIGN_3_THANG_CO_CHI_PHI_OBJECTIVE_DEMO.xlsx,Campaign_3_tháng,,Phễu: chưa khóa; Sản phẩm: inference_name_v0,Chưa quan sát tổ hợp trong phạm vi đã kiểm tra,Không có dòng Campaign được gắn vào tổ hợp này; không được đổi thành Ads Cost = 0.,Giữ giá trị trống; xác nhận lại sau khi mapping được duyệt hoặc có nguồn chi tiết hơn.
2026-03,Phễu × Sản phẩm,Phễu,BOFU,Sản phẩm,Cát Khoáng MineralX,Nhóm sản phẩm,,,JOYCAT_CAMPAIGN_3_THANG_CO_CHI_PHI_OBJECTIVE_DEMO.xlsx,Campaign_3_tháng,,Phễu: chưa khóa; Sản phẩm: inference_name_v0,Chưa quan sát tổ hợp trong phạm vi đã kiểm tra,Không có dòng Campaign được gắn vào tổ hợp này; không được đổi thành Ads Cost = 0.,Giữ giá trị trống; xác nhận lại sau khi mapping được duyệt hoặc có nguồn chi tiết hơn.
2026-03,Phễu × Sản phẩm,Phễu,BOFU,Sản phẩm,Cát Đậu Nành Mix Khoáng PowerX,Nhóm sản phẩm,,,JOYCAT_CAMPAIGN_3_THANG_CO_CHI_PHI_OBJECTIVE_DEMO.xlsx,Campaign_3_tháng,,Phễu: chưa khóa; Sản phẩm: inference_name_v0,Chưa quan sát tổ hợp trong phạm vi đã kiểm tra,Không có dòng Campaign được gắn vào tổ hợp này; không được đổi thành Ads Cost = 0.,Giữ giá trị trống; xác nhận lại sau khi mapping được duyệt hoặc có nguồn chi tiết hơn.
2026-03,Phễu × Sản phẩm,Phễu,BOFU,Sản phẩm,Cát Sắn Mix Đậu Nành Tofuu.X,Nhóm sản phẩm,,,JOYCAT_CAMPAIGN_3_THANG_CO_CHI_PHI_OBJECTIVE_DEMO.xlsx,Campaign_3_tháng,,Phễu: chưa khóa; Sản phẩm: inference_name_v0,Chưa quan sát tổ hợp trong phạm vi đã kiểm tra,Không có dòng Campaign được gắn vào tổ hợp này; không được đổi thành Ads Cost = 0.,Giữ giá trị trống; xác nhận lại sau khi mapping được duyệt hoặc có nguồn chi tiết hơn.
2026-03,Phễu × Sản phẩm,Phễu,BOFU,Sản phẩm,Cát nói chung,Ngành hàng,,,JOYCAT_CAMPAIGN_3_THANG_CO_CHI_PHI_OBJECTIVE_DEMO.xlsx,Campaign_3_tháng,,Phễu: chưa khóa; Sản phẩm: inference_name_v0,Chưa quan sát tổ hợp trong phạm vi đã kiểm tra,Không có dòng Campaign được gắn vào tổ hợp này; không được đổi thành Ads Cost = 0.,Giữ giá trị trống; xác nhận lại sau khi mapping được duyệt hoặc có nguồn chi tiết hơn.
2026-03,Phễu × Sản phẩm,Phễu,BOFU,Sản phẩm,Shared/Unmapped,Shared/Unmapped,,,JOYCAT_CAMPAIGN_3_THANG_CO_CHI_PHI_OBJECTIVE_DEMO.xlsx,Campaign_3_tháng,,Phễu: chưa khóa; Sản phẩm: inference_name_v0,Chưa quan sát tổ hợp trong phạm vi đã kiểm tra,Không có dòng Campaign được gắn vào tổ hợp này; không được đổi thành Ads Cost = 0.,Giữ giá trị trống; xác nhận lại sau khi mapping được duyệt hoặc có nguồn chi tiết hơn.
2026-04,Phễu × Sản phẩm,Phễu,TOFU,Sản phẩm,Vi sinh khử mùi,Nhóm sản phẩm,2,1632335,JOYCAT_CAMPAIGN_3_THANG_CO_CHI_PHI_OBJECTIVE_DEMO.xlsx,Campaign_3_tháng,"56,62",Phễu: chưa khóa; Sản phẩm: inference_name_v0,Tính được một phần bằng human mapping,Phễu và nhóm sản phẩm được gắn/suy luận trên cùng dòng Campaign; chưa xác minh tới listing/SKU.,Khóa rule/version Phễu và owner duyệt mapping nhóm sản phẩm; xin Ads ID → Item ID/SKU nếu cần xuống listing.
2026-04,Phễu × Sản phẩm,Phễu,TOFU,Sản phẩm,Cát Sắn Natural,Nhóm sản phẩm,3,2017623,JOYCAT_CAMPAIGN_3_THANG_CO_CHI_PHI_OBJECTIVE_DEMO.xlsx,Campaign_3_tháng,"26,47,54",Phễu: chưa khóa; Sản phẩm: inference_name_v0,Tính được một phần bằng human mapping,Phễu và nhóm sản phẩm được gắn/suy luận trên cùng dòng Campaign; chưa xác minh tới listing/SKU.,Khóa rule/version Phễu và owner duyệt mapping nhóm sản phẩm; xin Ads ID → Item ID/SKU nếu cần xuống listing.
2026-04,Phễu × Sản phẩm,Phễu,TOFU,Sản phẩm,Cát Mix PerformX,Nhóm sản phẩm,5,484987,JOYCAT_CAMPAIGN_3_THANG_CO_CHI_PHI_OBJECTIVE_DEMO.xlsx,Campaign_3_tháng,"41,42,43,44,45",Phễu: chưa khóa; Sản phẩm: inference_name_v0,Tính được một phần bằng human mapping,Phễu và nhóm sản phẩm được gắn/suy luận trên cùng dòng Campaign; chưa xác minh tới listing/SKU.,Khóa rule/version Phễu và owner duyệt mapping nhóm sản phẩm; xin Ads ID → Item ID/SKU nếu cần xuống listing.
2026-04,Phễu × Sản phẩm,Phễu,TOFU,Sản phẩm,Cát Khoáng MineralX,Nhóm sản phẩm,4,377547,JOYCAT_CAMPAIGN_3_THANG_CO_CHI_PHI_OBJECTIVE_DEMO.xlsx,Campaign_3_tháng,"32,33,34,35",Phễu: chưa khóa; Sản phẩm: inference_name_v0,Tính được một phần bằng human mapping,Phễu và nhóm sản phẩm được gắn/suy luận trên cùng dòng Campaign; chưa xác minh tới listing/SKU.,Khóa rule/version Phễu và owner duyệt mapping nhóm sản phẩm; xin Ads ID → Item ID/SKU nếu cần xuống listing.
2026-04,Phễu × Sản phẩm,Phễu,TOFU,Sản phẩm,Cát Đậu Nành Mix Khoáng PowerX,Nhóm sản phẩm,,,JOYCAT_CAMPAIGN_3_THANG_CO_CHI_PHI_OBJECTIVE_DEMO.xlsx,Campaign_3_tháng,,Phễu: chưa khóa; Sản phẩm: inference_name_v0,Chưa quan sát tổ hợp trong phạm vi đã kiểm tra,Không có dòng Campaign được gắn vào tổ hợp này; không được đổi thành Ads Cost = 0.,Giữ giá trị trống; xác nhận lại sau khi mapping được duyệt hoặc có nguồn chi tiết hơn.
2026-04,Phễu × Sản phẩm,Phễu,TOFU,Sản phẩm,Cát Sắn Mix Đậu Nành Tofuu.X,Nhóm sản phẩm,,,JOYCAT_CAMPAIGN_3_THANG_CO_CHI_PHI_OBJECTIVE_DEMO.xlsx,Campaign_3_tháng,,Phễu: chưa khóa; Sản phẩm: inference_name_v0,Chưa quan sát tổ hợp trong phạm vi đã kiểm tra,Không có dòng Campaign được gắn vào tổ hợp này; không được đổi thành Ads Cost = 0.,Giữ giá trị trống; xác nhận lại sau khi mapping được duyệt hoặc có nguồn chi tiết hơn.
2026-04,Phễu × Sản phẩm,Phễu,TOFU,Sản phẩm,Cát nói chung,Ngành hàng,,,JOYCAT_CAMPAIGN_3_THANG_CO_CHI_PHI_OBJECTIVE_DEMO.xlsx,Campaign_3_tháng,,Phễu: chưa khóa; Sản phẩm: inference_name_v0,Chưa quan sát tổ hợp trong phạm vi đã kiểm tra,Không có dòng Campaign được gắn vào tổ hợp này; không được đổi thành Ads Cost = 0.,Giữ giá trị trống; xác nhận lại sau khi mapping được duyệt hoặc có nguồn chi tiết hơn.
2026-04,Phễu × Sản phẩm,Phễu,TOFU,Sản phẩm,Shared/Unmapped,Shared/Unmapped,1,96919,JOYCAT_CAMPAIGN_3_THANG_CO_CHI_PHI_OBJECTIVE_DEMO.xlsx,Campaign_3_tháng,51,Phễu: chưa khóa; Sản phẩm: inference_name_v0,Tính được một phần bằng human mapping,Phễu và nhóm sản phẩm được gắn/suy luận trên cùng dòng Campaign; chưa xác minh tới listing/SKU.,Khóa rule/version Phễu và owner duyệt mapping nhóm sản phẩm; xin Ads ID → Item ID/SKU nếu cần xuống listing.
2026-04,Phễu × Sản phẩm,Phễu,MOFU,Sản phẩm,Vi sinh khử mùi,Nhóm sản phẩm,1,3290341,JOYCAT_CAMPAIGN_3_THANG_CO_CHI_PHI_OBJECTIVE_DEMO.xlsx,Campaign_3_tháng,55,Phễu: chưa khóa; Sản phẩm: inference_name_v0,Tính được một phần bằng human mapping,Phễu và nhóm sản phẩm được gắn/suy luận trên cùng dòng Campaign; chưa xác minh tới listing/SKU.,Khóa rule/version Phễu và owner duyệt mapping nhóm sản phẩm; xin Ads ID → Item ID/SKU nếu cần xuống listing.
2026-04,Phễu × Sản phẩm,Phễu,MOFU,Sản phẩm,Cát Sắn Natural,Nhóm sản phẩm,5,19471162,JOYCAT_CAMPAIGN_3_THANG_CO_CHI_PHI_OBJECTIVE_DEMO.xlsx,Campaign_3_tháng,"27,46,53,63,64",Phễu: chưa khóa; Sản phẩm: inference_name_v0,Tính được một phần bằng human mapping,Phễu và nhóm sản phẩm được gắn/suy luận trên cùng dòng Campaign; chưa xác minh tới listing/SKU.,Khóa rule/version Phễu và owner duyệt mapping nhóm sản phẩm; xin Ads ID → Item ID/SKU nếu cần xuống listing.
2026-04,Phễu × Sản phẩm,Phễu,MOFU,Sản phẩm,Cát Mix PerformX,Nhóm sản phẩm,5,4188999,JOYCAT_CAMPAIGN_3_THANG_CO_CHI_PHI_OBJECTIVE_DEMO.xlsx,Campaign_3_tháng,"36,37,38,39,40",Phễu: chưa khóa; Sản phẩm: inference_name_v0,Tính được một phần bằng human mapping,Phễu và nhóm sản phẩm được gắn/suy luận trên cùng dòng Campaign; chưa xác minh tới listing/SKU.,Khóa rule/version Phễu và owner duyệt mapping nhóm sản phẩm; xin Ads ID → Item ID/SKU nếu cần xuống listing.
2026-04,Phễu × Sản phẩm,Phễu,MOFU,Sản phẩm,Cát Khoáng MineralX,Nhóm sản phẩm,4,3064095,JOYCAT_CAMPAIGN_3_THANG_CO_CHI_PHI_OBJECTIVE_DEMO.xlsx,Campaign_3_tháng,"28,29,30,31",Phễu: chưa khóa; Sản phẩm: inference_name_v0,Tính được một phần bằng human mapping,Phễu và nhóm sản phẩm được gắn/suy luận trên cùng dòng Campaign; chưa xác minh tới listing/SKU.,Khóa rule/version Phễu và owner duyệt mapping nhóm sản phẩm; xin Ads ID → Item ID/SKU nếu cần xuống listing.
2026-04,Phễu × Sản phẩm,Phễu,MOFU,Sản phẩm,Cát Đậu Nành Mix Khoáng PowerX,Nhóm sản phẩm,,,JOYCAT_CAMPAIGN_3_THANG_CO_CHI_PHI_OBJECTIVE_DEMO.xlsx,Campaign_3_tháng,,Phễu: chưa khóa; Sản phẩm: inference_name_v0,Chưa quan sát tổ hợp trong phạm vi đã kiểm tra,Không có dòng Campaign được gắn vào tổ hợp này; không được đổi thành Ads Cost = 0.,Giữ giá trị trống; xác nhận lại sau khi mapping được duyệt hoặc có nguồn chi tiết hơn.
2026-04,Phễu × Sản phẩm,Phễu,MOFU,Sản phẩm,Cát Sắn Mix Đậu Nành Tofuu.X,Nhóm sản phẩm,,,JOYCAT_CAMPAIGN_3_THANG_CO_CHI_PHI_OBJECTIVE_DEMO.xlsx,Campaign_3_tháng,,Phễu: chưa khóa; Sản phẩm: inference_name_v0,Chưa quan sát tổ hợp trong phạm vi đã kiểm tra,Không có dòng Campaign được gắn vào tổ hợp này; không được đổi thành Ads Cost = 0.,Giữ giá trị trống; xác nhận lại sau khi mapping được duyệt hoặc có nguồn chi tiết hơn.
2026-04,Phễu × Sản phẩm,Phễu,MOFU,Sản phẩm,Cát nói chung,Ngành hàng,2,7547101,JOYCAT_CAMPAIGN_3_THANG_CO_CHI_PHI_OBJECTIVE_DEMO.xlsx,Campaign_3_tháng,"24,25",Phễu: chưa khóa; Sản phẩm: inference_name_v0,Tính được một phần bằng human mapping,Phễu và nhóm sản phẩm được gắn/suy luận trên cùng dòng Campaign; chưa xác minh tới listing/SKU.,Khóa rule/version Phễu và owner duyệt mapping nhóm sản phẩm; xin Ads ID → Item ID/SKU nếu cần xuống listing.
2026-04,Phễu × Sản phẩm,Phễu,MOFU,Sản phẩm,Shared/Unmapped,Shared/Unmapped,7,15174121,JOYCAT_CAMPAIGN_3_THANG_CO_CHI_PHI_OBJECTIVE_DEMO.xlsx,Campaign_3_tháng,"48,49,50,57,58,59,60",Phễu: chưa khóa; Sản phẩm: inference_name_v0,Tính được một phần bằng human mapping,Phễu và nhóm sản phẩm được gắn/suy luận trên cùng dòng Campaign; chưa xác minh tới listing/SKU.,Khóa rule/version Phễu và owner duyệt mapping nhóm sản phẩm; xin Ads ID → Item ID/SKU nếu cần xuống listing.
2026-04,Phễu × Sản phẩm,Phễu,BOFU,Sản phẩm,Vi sinh khử mùi,Nhóm sản phẩm,1,5390351,JOYCAT_CAMPAIGN_3_THANG_CO_CHI_PHI_OBJECTIVE_DEMO.xlsx,Campaign_3_tháng,61,Phễu: chưa khóa; Sản phẩm: inference_name_v0,Tính được một phần bằng human mapping,Phễu và nhóm sản phẩm được gắn/suy luận trên cùng dòng Campaign; chưa xác minh tới listing/SKU.,Khóa rule/version Phễu và owner duyệt mapping nhóm sản phẩm; xin Ads ID → Item ID/SKU nếu cần xuống listing.
2026-04,Phễu × Sản phẩm,Phễu,BOFU,Sản phẩm,Cát Sắn Natural,Nhóm sản phẩm,1,2098976,JOYCAT_CAMPAIGN_3_THANG_CO_CHI_PHI_OBJECTIVE_DEMO.xlsx,Campaign_3_tháng,52,Phễu: chưa khóa; Sản phẩm: inference_name_v0,Tính được một phần bằng human mapping,Phễu và nhóm sản phẩm được gắn/suy luận trên cùng dòng Campaign; chưa xác minh tới listing/SKU.,Khóa rule/version Phễu và owner duyệt mapping nhóm sản phẩm; xin Ads ID → Item ID/SKU nếu cần xuống listing.
2026-04,Phễu × Sản phẩm,Phễu,BOFU,Sản phẩm,Cát Mix PerformX,Nhóm sản phẩm,,,JOYCAT_CAMPAIGN_3_THANG_CO_CHI_PHI_OBJECTIVE_DEMO.xlsx,Campaign_3_tháng,,Phễu: chưa khóa; Sản phẩm: inference_name_v0,Chưa quan sát tổ hợp trong phạm vi đã kiểm tra,Không có dòng Campaign được gắn vào tổ hợp này; không được đổi thành Ads Cost = 0.,Giữ giá trị trống; xác nhận lại sau khi mapping được duyệt hoặc có nguồn chi tiết hơn.
2026-04,Phễu × Sản phẩm,Phễu,BOFU,Sản phẩm,Cát Khoáng MineralX,Nhóm sản phẩm,,,JOYCAT_CAMPAIGN_3_THANG_CO_CHI_PHI_OBJECTIVE_DEMO.xlsx,Campaign_3_tháng,,Phễu: chưa khóa; Sản phẩm: inference_name_v0,Chưa quan sát tổ hợp trong phạm vi đã kiểm tra,Không có dòng Campaign được gắn vào tổ hợp này; không được đổi thành Ads Cost = 0.,Giữ giá trị trống; xác nhận lại sau khi mapping được duyệt hoặc có nguồn chi tiết hơn.
2026-04,Phễu × Sản phẩm,Phễu,BOFU,Sản phẩm,Cát Đậu Nành Mix Khoáng PowerX,Nhóm sản phẩm,,,JOYCAT_CAMPAIGN_3_THANG_CO_CHI_PHI_OBJECTIVE_DEMO.xlsx,Campaign_3_tháng,,Phễu: chưa khóa; Sản phẩm: inference_name_v0,Chưa quan sát tổ hợp trong phạm vi đã kiểm tra,Không có dòng Campaign được gắn vào tổ hợp này; không được đổi thành Ads Cost = 0.,Giữ giá trị trống; xác nhận lại sau khi mapping được duyệt hoặc có nguồn chi tiết hơn.
2026-04,Phễu × Sản phẩm,Phễu,BOFU,Sản phẩm,Cát Sắn Mix Đậu Nành Tofuu.X,Nhóm sản phẩm,,,JOYCAT_CAMPAIGN_3_THANG_CO_CHI_PHI_OBJECTIVE_DEMO.xlsx,Campaign_3_tháng,,Phễu: chưa khóa; Sản phẩm: inference_name_v0,Chưa quan sát tổ hợp trong phạm vi đã kiểm tra,Không có dòng Campaign được gắn vào tổ hợp này; không được đổi thành Ads Cost = 0.,Giữ giá trị trống; xác nhận lại sau khi mapping được duyệt hoặc có nguồn chi tiết hơn.
2026-04,Phễu × Sản phẩm,Phễu,BOFU,Sản phẩm,Cát nói chung,Ngành hàng,,,JOYCAT_CAMPAIGN_3_THANG_CO_CHI_PHI_OBJECTIVE_DEMO.xlsx,Campaign_3_tháng,,Phễu: chưa khóa; Sản phẩm: inference_name_v0,Chưa quan sát tổ hợp trong phạm vi đã kiểm tra,Không có dòng Campaign được gắn vào tổ hợp này; không được đổi thành Ads Cost = 0.,Giữ giá trị trống; xác nhận lại sau khi mapping được duyệt hoặc có nguồn chi tiết hơn.
2026-04,Phễu × Sản phẩm,Phễu,BOFU,Sản phẩm,Shared/Unmapped,Shared/Unmapped,,,JOYCAT_CAMPAIGN_3_THANG_CO_CHI_PHI_OBJECTIVE_DEMO.xlsx,Campaign_3_tháng,,Phễu: chưa khóa; Sản phẩm: inference_name_v0,Chưa quan sát tổ hợp trong phạm vi đã kiểm tra,Không có dòng Campaign được gắn vào tổ hợp này; không được đổi thành Ads Cost = 0.,Giữ giá trị trống; xác nhận lại sau khi mapping được duyệt hoặc có nguồn chi tiết hơn.
2026-05,Phễu × Sản phẩm,Phễu,TOFU,Sản phẩm,Vi sinh khử mùi,Nhóm sản phẩm,2,1733762,JOYCAT_CAMPAIGN_3_THANG_CO_CHI_PHI_OBJECTIVE_DEMO.xlsx,Campaign_3_tháng,"87,88",Phễu: chưa khóa; Sản phẩm: inference_name_v0,Tính được một phần bằng human mapping,Phễu và nhóm sản phẩm được gắn/suy luận trên cùng dòng Campaign; chưa xác minh tới listing/SKU.,Khóa rule/version Phễu và owner duyệt mapping nhóm sản phẩm; xin Ads ID → Item ID/SKU nếu cần xuống listing.
2026-05,Phễu × Sản phẩm,Phễu,TOFU,Sản phẩm,Cát Sắn Natural,Nhóm sản phẩm,1,863692,JOYCAT_CAMPAIGN_3_THANG_CO_CHI_PHI_OBJECTIVE_DEMO.xlsx,Campaign_3_tháng,68,Phễu: chưa khóa; Sản phẩm: inference_name_v0,Tính được một phần bằng human mapping,Phễu và nhóm sản phẩm được gắn/suy luận trên cùng dòng Campaign; chưa xác minh tới listing/SKU.,Khóa rule/version Phễu và owner duyệt mapping nhóm sản phẩm; xin Ads ID → Item ID/SKU nếu cần xuống listing.
2026-05,Phễu × Sản phẩm,Phễu,TOFU,Sản phẩm,Cát Mix PerformX,Nhóm sản phẩm,2,273191,JOYCAT_CAMPAIGN_3_THANG_CO_CHI_PHI_OBJECTIVE_DEMO.xlsx,Campaign_3_tháng,"81,82",Phễu: chưa khóa; Sản phẩm: inference_name_v0,Tính được một phần bằng human mapping,Phễu và nhóm sản phẩm được gắn/suy luận trên cùng dòng Campaign; chưa xác minh tới listing/SKU.,Khóa rule/version Phễu và owner duyệt mapping nhóm sản phẩm; xin Ads ID → Item ID/SKU nếu cần xuống listing.
2026-05,Phễu × Sản phẩm,Phễu,TOFU,Sản phẩm,Cát Khoáng MineralX,Nhóm sản phẩm,,,JOYCAT_CAMPAIGN_3_THANG_CO_CHI_PHI_OBJECTIVE_DEMO.xlsx,Campaign_3_tháng,,Phễu: chưa khóa; Sản phẩm: inference_name_v0,Chưa quan sát tổ hợp trong phạm vi đã kiểm tra,Không có dòng Campaign được gắn vào tổ hợp này; không được đổi thành Ads Cost = 0.,Giữ giá trị trống; xác nhận lại sau khi mapping được duyệt hoặc có nguồn chi tiết hơn.
2026-05,Phễu × Sản phẩm,Phễu,TOFU,Sản phẩm,Cát Đậu Nành Mix Khoáng PowerX,Nhóm sản phẩm,,,JOYCAT_CAMPAIGN_3_THANG_CO_CHI_PHI_OBJECTIVE_DEMO.xlsx,Campaign_3_tháng,,Phễu: chưa khóa; Sản phẩm: inference_name_v0,Chưa quan sát tổ hợp trong phạm vi đã kiểm tra,Không có dòng Campaign được gắn vào tổ hợp này; không được đổi thành Ads Cost = 0.,Giữ giá trị trống; xác nhận lại sau khi mapping được duyệt hoặc có nguồn chi tiết hơn.
2026-05,Phễu × Sản phẩm,Phễu,TOFU,Sản phẩm,Cát Sắn Mix Đậu Nành Tofuu.X,Nhóm sản phẩm,,,JOYCAT_CAMPAIGN_3_THANG_CO_CHI_PHI_OBJECTIVE_DEMO.xlsx,Campaign_3_tháng,,Phễu: chưa khóa; Sản phẩm: inference_name_v0,Chưa quan sát tổ hợp trong phạm vi đã kiểm tra,Không có dòng Campaign được gắn vào tổ hợp này; không được đổi thành Ads Cost = 0.,Giữ giá trị trống; xác nhận lại sau khi mapping được duyệt hoặc có nguồn chi tiết hơn.
2026-05,Phễu × Sản phẩm,Phễu,TOFU,Sản phẩm,Cát nói chung,Ngành hàng,,,JOYCAT_CAMPAIGN_3_THANG_CO_CHI_PHI_OBJECTIVE_DEMO.xlsx,Campaign_3_tháng,,Phễu: chưa khóa; Sản phẩm: inference_name_v0,Chưa quan sát tổ hợp trong phạm vi đã kiểm tra,Không có dòng Campaign được gắn vào tổ hợp này; không được đổi thành Ads Cost = 0.,Giữ giá trị trống; xác nhận lại sau khi mapping được duyệt hoặc có nguồn chi tiết hơn.
2026-05,Phễu × Sản phẩm,Phễu,TOFU,Sản phẩm,Shared/Unmapped,Shared/Unmapped,1,143690,JOYCAT_CAMPAIGN_3_THANG_CO_CHI_PHI_OBJECTIVE_DEMO.xlsx,Campaign_3_tháng,84,Phễu: chưa khóa; Sản phẩm: inference_name_v0,Tính được một phần bằng human mapping,Phễu và nhóm sản phẩm được gắn/suy luận trên cùng dòng Campaign; chưa xác minh tới listing/SKU.,Khóa rule/version Phễu và owner duyệt mapping nhóm sản phẩm; xin Ads ID → Item ID/SKU nếu cần xuống listing.
2026-05,Phễu × Sản phẩm,Phễu,MOFU,Sản phẩm,Vi sinh khử mùi,Nhóm sản phẩm,1,5576822,JOYCAT_CAMPAIGN_3_THANG_CO_CHI_PHI_OBJECTIVE_DEMO.xlsx,Campaign_3_tháng,86,Phễu: chưa khóa; Sản phẩm: inference_name_v0,Tính được một phần bằng human mapping,Phễu và nhóm sản phẩm được gắn/suy luận trên cùng dòng Campaign; chưa xác minh tới listing/SKU.,Khóa rule/version Phễu và owner duyệt mapping nhóm sản phẩm; xin Ads ID → Item ID/SKU nếu cần xuống listing.
2026-05,Phễu × Sản phẩm,Phễu,MOFU,Sản phẩm,Cát Sắn Natural,Nhóm sản phẩm,2,7300874,JOYCAT_CAMPAIGN_3_THANG_CO_CHI_PHI_OBJECTIVE_DEMO.xlsx,Campaign_3_tháng,"80,89",Phễu: chưa khóa; Sản phẩm: inference_name_v0,Tính được một phần bằng human mapping,Phễu và nhóm sản phẩm được gắn/suy luận trên cùng dòng Campaign; chưa xác minh tới listing/SKU.,Khóa rule/version Phễu và owner duyệt mapping nhóm sản phẩm; xin Ads ID → Item ID/SKU nếu cần xuống listing.
2026-05,Phễu × Sản phẩm,Phễu,MOFU,Sản phẩm,Cát Mix PerformX,Nhóm sản phẩm,3,9175508,JOYCAT_CAMPAIGN_3_THANG_CO_CHI_PHI_OBJECTIVE_DEMO.xlsx,Campaign_3_tháng,"75,76,77",Phễu: chưa khóa; Sản phẩm: inference_name_v0,Tính được một phần bằng human mapping,Phễu và nhóm sản phẩm được gắn/suy luận trên cùng dòng Campaign; chưa xác minh tới listing/SKU.,Khóa rule/version Phễu và owner duyệt mapping nhóm sản phẩm; xin Ads ID → Item ID/SKU nếu cần xuống listing.
2026-05,Phễu × Sản phẩm,Phễu,MOFU,Sản phẩm,Cát Khoáng MineralX,Nhóm sản phẩm,4,8174551,JOYCAT_CAMPAIGN_3_THANG_CO_CHI_PHI_OBJECTIVE_DEMO.xlsx,Campaign_3_tháng,"71,72,73,74",Phễu: chưa khóa; Sản phẩm: inference_name_v0,Tính được một phần bằng human mapping,Phễu và nhóm sản phẩm được gắn/suy luận trên cùng dòng Campaign; chưa xác minh tới listing/SKU.,Khóa rule/version Phễu và owner duyệt mapping nhóm sản phẩm; xin Ads ID → Item ID/SKU nếu cần xuống listing.
2026-05,Phễu × Sản phẩm,Phễu,MOFU,Sản phẩm,Cát Đậu Nành Mix Khoáng PowerX,Nhóm sản phẩm,,,JOYCAT_CAMPAIGN_3_THANG_CO_CHI_PHI_OBJECTIVE_DEMO.xlsx,Campaign_3_tháng,,Phễu: chưa khóa; Sản phẩm: inference_name_v0,Chưa quan sát tổ hợp trong phạm vi đã kiểm tra,Không có dòng Campaign được gắn vào tổ hợp này; không được đổi thành Ads Cost = 0.,Giữ giá trị trống; xác nhận lại sau khi mapping được duyệt hoặc có nguồn chi tiết hơn.
2026-05,Phễu × Sản phẩm,Phễu,MOFU,Sản phẩm,Cát Sắn Mix Đậu Nành Tofuu.X,Nhóm sản phẩm,,,JOYCAT_CAMPAIGN_3_THANG_CO_CHI_PHI_OBJECTIVE_DEMO.xlsx,Campaign_3_tháng,,Phễu: chưa khóa; Sản phẩm: inference_name_v0,Chưa quan sát tổ hợp trong phạm vi đã kiểm tra,Không có dòng Campaign được gắn vào tổ hợp này; không được đổi thành Ads Cost = 0.,Giữ giá trị trống; xác nhận lại sau khi mapping được duyệt hoặc có nguồn chi tiết hơn.
2026-05,Phễu × Sản phẩm,Phễu,MOFU,Sản phẩm,Cát nói chung,Ngành hàng,1,4829521,JOYCAT_CAMPAIGN_3_THANG_CO_CHI_PHI_OBJECTIVE_DEMO.xlsx,Campaign_3_tháng,65,Phễu: chưa khóa; Sản phẩm: inference_name_v0,Tính được một phần bằng human mapping,Phễu và nhóm sản phẩm được gắn/suy luận trên cùng dòng Campaign; chưa xác minh tới listing/SKU.,Khóa rule/version Phễu và owner duyệt mapping nhóm sản phẩm; xin Ads ID → Item ID/SKU nếu cần xuống listing.
2026-05,Phễu × Sản phẩm,Phễu,MOFU,Sản phẩm,Shared/Unmapped,Shared/Unmapped,2,3150289,JOYCAT_CAMPAIGN_3_THANG_CO_CHI_PHI_OBJECTIVE_DEMO.xlsx,Campaign_3_tháng,"78,79",Phễu: chưa khóa; Sản phẩm: inference_name_v0,Tính được một phần bằng human mapping,Phễu và nhóm sản phẩm được gắn/suy luận trên cùng dòng Campaign; chưa xác minh tới listing/SKU.,Khóa rule/version Phễu và owner duyệt mapping nhóm sản phẩm; xin Ads ID → Item ID/SKU nếu cần xuống listing.
2026-05,Phễu × Sản phẩm,Phễu,BOFU,Sản phẩm,Vi sinh khử mùi,Nhóm sản phẩm,,,JOYCAT_CAMPAIGN_3_THANG_CO_CHI_PHI_OBJECTIVE_DEMO.xlsx,Campaign_3_tháng,,Phễu: chưa khóa; Sản phẩm: inference_name_v0,Chưa quan sát tổ hợp trong phạm vi đã kiểm tra,Không có dòng Campaign được gắn vào tổ hợp này; không được đổi thành Ads Cost = 0.,Giữ giá trị trống; xác nhận lại sau khi mapping được duyệt hoặc có nguồn chi tiết hơn.
2026-05,Phễu × Sản phẩm,Phễu,BOFU,Sản phẩm,Cát Sắn Natural,Nhóm sản phẩm,3,9697517,JOYCAT_CAMPAIGN_3_THANG_CO_CHI_PHI_OBJECTIVE_DEMO.xlsx,Campaign_3_tháng,"66,69,85",Phễu: chưa khóa; Sản phẩm: inference_name_v0,Tính được một phần bằng human mapping,Phễu và nhóm sản phẩm được gắn/suy luận trên cùng dòng Campaign; chưa xác minh tới listing/SKU.,Khóa rule/version Phễu và owner duyệt mapping nhóm sản phẩm; xin Ads ID → Item ID/SKU nếu cần xuống listing.
2026-05,Phễu × Sản phẩm,Phễu,BOFU,Sản phẩm,Cát Mix PerformX,Nhóm sản phẩm,2,10100414,JOYCAT_CAMPAIGN_3_THANG_CO_CHI_PHI_OBJECTIVE_DEMO.xlsx,Campaign_3_tháng,"67,70",Phễu: chưa khóa; Sản phẩm: inference_name_v0,Tính được một phần bằng human mapping,Phễu và nhóm sản phẩm được gắn/suy luận trên cùng dòng Campaign; chưa xác minh tới listing/SKU.,Khóa rule/version Phễu và owner duyệt mapping nhóm sản phẩm; xin Ads ID → Item ID/SKU nếu cần xuống listing.
2026-05,Phễu × Sản phẩm,Phễu,BOFU,Sản phẩm,Cát Khoáng MineralX,Nhóm sản phẩm,1,2498200,JOYCAT_CAMPAIGN_3_THANG_CO_CHI_PHI_OBJECTIVE_DEMO.xlsx,Campaign_3_tháng,83,Phễu: chưa khóa; Sản phẩm: inference_name_v0,Tính được một phần bằng human mapping,Phễu và nhóm sản phẩm được gắn/suy luận trên cùng dòng Campaign; chưa xác minh tới listing/SKU.,Khóa rule/version Phễu và owner duyệt mapping nhóm sản phẩm; xin Ads ID → Item ID/SKU nếu cần xuống listing.
2026-05,Phễu × Sản phẩm,Phễu,BOFU,Sản phẩm,Cát Đậu Nành Mix Khoáng PowerX,Nhóm sản phẩm,,,JOYCAT_CAMPAIGN_3_THANG_CO_CHI_PHI_OBJECTIVE_DEMO.xlsx,Campaign_3_tháng,,Phễu: chưa khóa; Sản phẩm: inference_name_v0,Chưa quan sát tổ hợp trong phạm vi đã kiểm tra,Không có dòng Campaign được gắn vào tổ hợp này; không được đổi thành Ads Cost = 0.,Giữ giá trị trống; xác nhận lại sau khi mapping được duyệt hoặc có nguồn chi tiết hơn.
2026-05,Phễu × Sản phẩm,Phễu,BOFU,Sản phẩm,Cát Sắn Mix Đậu Nành Tofuu.X,Nhóm sản phẩm,,,JOYCAT_CAMPAIGN_3_THANG_CO_CHI_PHI_OBJECTIVE_DEMO.xlsx,Campaign_3_tháng,,Phễu: chưa khóa; Sản phẩm: inference_name_v0,Chưa quan sát tổ hợp trong phạm vi đã kiểm tra,Không có dòng Campaign được gắn vào tổ hợp này; không được đổi thành Ads Cost = 0.,Giữ giá trị trống; xác nhận lại sau khi mapping được duyệt hoặc có nguồn chi tiết hơn.
2026-05,Phễu × Sản phẩm,Phễu,BOFU,Sản phẩm,Cát nói chung,Ngành hàng,,,JOYCAT_CAMPAIGN_3_THANG_CO_CHI_PHI_OBJECTIVE_DEMO.xlsx,Campaign_3_tháng,,Phễu: chưa khóa; Sản phẩm: inference_name_v0,Chưa quan sát tổ hợp trong phạm vi đã kiểm tra,Không có dòng Campaign được gắn vào tổ hợp này; không được đổi thành Ads Cost = 0.,Giữ giá trị trống; xác nhận lại sau khi mapping được duyệt hoặc có nguồn chi tiết hơn.
2026-05,Phễu × Sản phẩm,Phễu,BOFU,Sản phẩm,Shared/Unmapped,Shared/Unmapped,,,JOYCAT_CAMPAIGN_3_THANG_CO_CHI_PHI_OBJECTIVE_DEMO.xlsx,Campaign_3_tháng,,Phễu: chưa khóa; Sản phẩm: inference_name_v0,Chưa quan sát tổ hợp trong phạm vi đã kiểm tra,Không có dòng Campaign được gắn vào tổ hợp này; không được đổi thành Ads Cost = 0.,Giữ giá trị trống; xác nhận lại sau khi mapping được duyệt hoặc có nguồn chi tiết hơn.
2026-03,Sản phẩm × Campaign objective,Sản phẩm,Vi sinh khử mùi,Campaign objective,Engagement - Messaging,Nhóm sản phẩm,2,9886099,JOYCAT_CAMPAIGN_3_THANG_CO_CHI_PHI_OBJECTIVE_DEMO.xlsx,Campaign_3_tháng,"16,20",Objective: human-curated hiện hành; Sản phẩm: inference_name_v0,Tính được một phần bằng human mapping,Objective suy luận được Duy cho phép dùng; sản phẩm mới suy luận tới nhóm/ngành hàng hoặc Shared.,Giữ metadata Objective; owner duyệt product mapping hoặc xin Ads ID → Item ID/SKU.
2026-03,Sản phẩm × Campaign objective,Sản phẩm,Vi sinh khử mùi,Campaign objective,Engagement - Post engagement,Nhóm sản phẩm,2,1781257,JOYCAT_CAMPAIGN_3_THANG_CO_CHI_PHI_OBJECTIVE_DEMO.xlsx,Campaign_3_tháng,"17,23",Objective: human-curated hiện hành; Sản phẩm: inference_name_v0,Tính được một phần bằng human mapping,Objective suy luận được Duy cho phép dùng; sản phẩm mới suy luận tới nhóm/ngành hàng hoặc Shared.,Giữ metadata Objective; owner duyệt product mapping hoặc xin Ads ID → Item ID/SKU.
2026-03,Sản phẩm × Campaign objective,Sản phẩm,Vi sinh khử mùi,Campaign objective,Sales - Purchase,Nhóm sản phẩm,,,JOYCAT_CAMPAIGN_3_THANG_CO_CHI_PHI_OBJECTIVE_DEMO.xlsx,Campaign_3_tháng,,Objective: human-curated hiện hành; Sản phẩm: inference_name_v0,Chưa quan sát tổ hợp trong phạm vi đã kiểm tra,Không có dòng Campaign được gắn vào tổ hợp này; không được đổi thành Ads Cost = 0.,Giữ giá trị trống; kiểm tra lại khi mapping/source thay đổi.
2026-03,Sản phẩm × Campaign objective,Sản phẩm,Vi sinh khử mùi,Campaign objective,Sales - Purchase [Suy luận từ tên Campaign],Nhóm sản phẩm,,,JOYCAT_CAMPAIGN_3_THANG_CO_CHI_PHI_OBJECTIVE_DEMO.xlsx,Campaign_3_tháng,,Objective: human-curated hiện hành; Sản phẩm: inference_name_v0,Chưa quan sát tổ hợp trong phạm vi đã kiểm tra,Không có dòng Campaign được gắn vào tổ hợp này; không được đổi thành Ads Cost = 0.,Giữ giá trị trống; kiểm tra lại khi mapping/source thay đổi.
2026-03,Sản phẩm × Campaign objective,Sản phẩm,Vi sinh khử mùi,Campaign objective,Awareness - Ad recall,Nhóm sản phẩm,,,JOYCAT_CAMPAIGN_3_THANG_CO_CHI_PHI_OBJECTIVE_DEMO.xlsx,Campaign_3_tháng,,Objective: human-curated hiện hành; Sản phẩm: inference_name_v0,Chưa quan sát tổ hợp trong phạm vi đã kiểm tra,Không có dòng Campaign được gắn vào tổ hợp này; không được đổi thành Ads Cost = 0.,Giữ giá trị trống; kiểm tra lại khi mapping/source thay đổi.
2026-03,Sản phẩm × Campaign objective,Sản phẩm,Vi sinh khử mùi,Campaign objective,Chưa xác định,Nhóm sản phẩm,,,JOYCAT_CAMPAIGN_3_THANG_CO_CHI_PHI_OBJECTIVE_DEMO.xlsx,Campaign_3_tháng,,Objective: human-curated hiện hành; Sản phẩm: inference_name_v0,Chưa quan sát tổ hợp trong phạm vi đã kiểm tra,Không có dòng Campaign được gắn vào tổ hợp này; không được đổi thành Ads Cost = 0.,Giữ giá trị trống; kiểm tra lại khi mapping/source thay đổi.
2026-03,Sản phẩm × Campaign objective,Sản phẩm,Cát Sắn Natural,Campaign objective,Engagement - Messaging,Nhóm sản phẩm,5,13239210,JOYCAT_CAMPAIGN_3_THANG_CO_CHI_PHI_OBJECTIVE_DEMO.xlsx,Campaign_3_tháng,"9,10,11,13,14",Objective: human-curated hiện hành; Sản phẩm: inference_name_v0,Tính được một phần bằng human mapping,Objective suy luận được Duy cho phép dùng; sản phẩm mới suy luận tới nhóm/ngành hàng hoặc Shared.,Giữ metadata Objective; owner duyệt product mapping hoặc xin Ads ID → Item ID/SKU.
2026-03,Sản phẩm × Campaign objective,Sản phẩm,Cát Sắn Natural,Campaign objective,Engagement - Post engagement,Nhóm sản phẩm,3,2183688,JOYCAT_CAMPAIGN_3_THANG_CO_CHI_PHI_OBJECTIVE_DEMO.xlsx,Campaign_3_tháng,"8,12,15",Objective: human-curated hiện hành; Sản phẩm: inference_name_v0,Tính được một phần bằng human mapping,Objective suy luận được Duy cho phép dùng; sản phẩm mới suy luận tới nhóm/ngành hàng hoặc Shared.,Giữ metadata Objective; owner duyệt product mapping hoặc xin Ads ID → Item ID/SKU.
2026-03,Sản phẩm × Campaign objective,Sản phẩm,Cát Sắn Natural,Campaign objective,Sales - Purchase,Nhóm sản phẩm,,,JOYCAT_CAMPAIGN_3_THANG_CO_CHI_PHI_OBJECTIVE_DEMO.xlsx,Campaign_3_tháng,,Objective: human-curated hiện hành; Sản phẩm: inference_name_v0,Chưa quan sát tổ hợp trong phạm vi đã kiểm tra,Không có dòng Campaign được gắn vào tổ hợp này; không được đổi thành Ads Cost = 0.,Giữ giá trị trống; kiểm tra lại khi mapping/source thay đổi.
2026-03,Sản phẩm × Campaign objective,Sản phẩm,Cát Sắn Natural,Campaign objective,Sales - Purchase [Suy luận từ tên Campaign],Nhóm sản phẩm,,,JOYCAT_CAMPAIGN_3_THANG_CO_CHI_PHI_OBJECTIVE_DEMO.xlsx,Campaign_3_tháng,,Objective: human-curated hiện hành; Sản phẩm: inference_name_v0,Chưa quan sát tổ hợp trong phạm vi đã kiểm tra,Không có dòng Campaign được gắn vào tổ hợp này; không được đổi thành Ads Cost = 0.,Giữ giá trị trống; kiểm tra lại khi mapping/source thay đổi.
2026-03,Sản phẩm × Campaign objective,Sản phẩm,Cát Sắn Natural,Campaign objective,Awareness - Ad recall,Nhóm sản phẩm,,,JOYCAT_CAMPAIGN_3_THANG_CO_CHI_PHI_OBJECTIVE_DEMO.xlsx,Campaign_3_tháng,,Objective: human-curated hiện hành; Sản phẩm: inference_name_v0,Chưa quan sát tổ hợp trong phạm vi đã kiểm tra,Không có dòng Campaign được gắn vào tổ hợp này; không được đổi thành Ads Cost = 0.,Giữ giá trị trống; kiểm tra lại khi mapping/source thay đổi.
2026-03,Sản phẩm × Campaign objective,Sản phẩm,Cát Sắn Natural,Campaign objective,Chưa xác định,Nhóm sản phẩm,,,JOYCAT_CAMPAIGN_3_THANG_CO_CHI_PHI_OBJECTIVE_DEMO.xlsx,Campaign_3_tháng,,Objective: human-curated hiện hành; Sản phẩm: inference_name_v0,Chưa quan sát tổ hợp trong phạm vi đã kiểm tra,Không có dòng Campaign được gắn vào tổ hợp này; không được đổi thành Ads Cost = 0.,Giữ giá trị trống; kiểm tra lại khi mapping/source thay đổi.
2026-03,Sản phẩm × Campaign objective,Sản phẩm,Cát Mix PerformX,Campaign objective,Engagement - Messaging,Nhóm sản phẩm,3,9346528,JOYCAT_CAMPAIGN_3_THANG_CO_CHI_PHI_OBJECTIVE_DEMO.xlsx,Campaign_3_tháng,"18,19,21",Objective: human-curated hiện hành; Sản phẩm: inference_name_v0,Tính được một phần bằng human mapping,Objective suy luận được Duy cho phép dùng; sản phẩm mới suy luận tới nhóm/ngành hàng hoặc Shared.,Giữ metadata Objective; owner duyệt product mapping hoặc xin Ads ID → Item ID/SKU.
2026-03,Sản phẩm × Campaign objective,Sản phẩm,Cát Mix PerformX,Campaign objective,Engagement - Post engagement,Nhóm sản phẩm,1,748746,JOYCAT_CAMPAIGN_3_THANG_CO_CHI_PHI_OBJECTIVE_DEMO.xlsx,Campaign_3_tháng,22,Objective: human-curated hiện hành; Sản phẩm: inference_name_v0,Tính được một phần bằng human mapping,Objective suy luận được Duy cho phép dùng; sản phẩm mới suy luận tới nhóm/ngành hàng hoặc Shared.,Giữ metadata Objective; owner duyệt product mapping hoặc xin Ads ID → Item ID/SKU.
2026-03,Sản phẩm × Campaign objective,Sản phẩm,Cát Mix PerformX,Campaign objective,Sales - Purchase,Nhóm sản phẩm,,,JOYCAT_CAMPAIGN_3_THANG_CO_CHI_PHI_OBJECTIVE_DEMO.xlsx,Campaign_3_tháng,,Objective: human-curated hiện hành; Sản phẩm: inference_name_v0,Chưa quan sát tổ hợp trong phạm vi đã kiểm tra,Không có dòng Campaign được gắn vào tổ hợp này; không được đổi thành Ads Cost = 0.,Giữ giá trị trống; kiểm tra lại khi mapping/source thay đổi.
2026-03,Sản phẩm × Campaign objective,Sản phẩm,Cát Mix PerformX,Campaign objective,Sales - Purchase [Suy luận từ tên Campaign],Nhóm sản phẩm,,,JOYCAT_CAMPAIGN_3_THANG_CO_CHI_PHI_OBJECTIVE_DEMO.xlsx,Campaign_3_tháng,,Objective: human-curated hiện hành; Sản phẩm: inference_name_v0,Chưa quan sát tổ hợp trong phạm vi đã kiểm tra,Không có dòng Campaign được gắn vào tổ hợp này; không được đổi thành Ads Cost = 0.,Giữ giá trị trống; kiểm tra lại khi mapping/source thay đổi.
2026-03,Sản phẩm × Campaign objective,Sản phẩm,Cát Mix PerformX,Campaign objective,Awareness - Ad recall,Nhóm sản phẩm,,,JOYCAT_CAMPAIGN_3_THANG_CO_CHI_PHI_OBJECTIVE_DEMO.xlsx,Campaign_3_tháng,,Objective: human-curated hiện hành; Sản phẩm: inference_name_v0,Chưa quan sát tổ hợp trong phạm vi đã kiểm tra,Không có dòng Campaign được gắn vào tổ hợp này; không được đổi thành Ads Cost = 0.,Giữ giá trị trống; kiểm tra lại khi mapping/source thay đổi.
2026-03,Sản phẩm × Campaign objective,Sản phẩm,Cát Mix PerformX,Campaign objective,Chưa xác định,Nhóm sản phẩm,,,JOYCAT_CAMPAIGN_3_THANG_CO_CHI_PHI_OBJECTIVE_DEMO.xlsx,Campaign_3_tháng,,Objective: human-curated hiện hành; Sản phẩm: inference_name_v0,Chưa quan sát tổ hợp trong phạm vi đã kiểm tra,Không có dòng Campaign được gắn vào tổ hợp này; không được đổi thành Ads Cost = 0.,Giữ giá trị trống; kiểm tra lại khi mapping/source thay đổi.
2026-03,Sản phẩm × Campaign objective,Sản phẩm,Cát Khoáng MineralX,Campaign objective,Engagement - Messaging,Nhóm sản phẩm,,,JOYCAT_CAMPAIGN_3_THANG_CO_CHI_PHI_OBJECTIVE_DEMO.xlsx,Campaign_3_tháng,,Objective: human-curated hiện hành; Sản phẩm: inference_name_v0,Chưa quan sát tổ hợp trong phạm vi đã kiểm tra,Không có dòng Campaign được gắn vào tổ hợp này; không được đổi thành Ads Cost = 0.,Giữ giá trị trống; kiểm tra lại khi mapping/source thay đổi.
2026-03,Sản phẩm × Campaign objective,Sản phẩm,Cát Khoáng MineralX,Campaign objective,Engagement - Post engagement,Nhóm sản phẩm,,,JOYCAT_CAMPAIGN_3_THANG_CO_CHI_PHI_OBJECTIVE_DEMO.xlsx,Campaign_3_tháng,,Objective: human-curated hiện hành; Sản phẩm: inference_name_v0,Chưa quan sát tổ hợp trong phạm vi đã kiểm tra,Không có dòng Campaign được gắn vào tổ hợp này; không được đổi thành Ads Cost = 0.,Giữ giá trị trống; kiểm tra lại khi mapping/source thay đổi.
2026-03,Sản phẩm × Campaign objective,Sản phẩm,Cát Khoáng MineralX,Campaign objective,Sales - Purchase,Nhóm sản phẩm,,,JOYCAT_CAMPAIGN_3_THANG_CO_CHI_PHI_OBJECTIVE_DEMO.xlsx,Campaign_3_tháng,,Objective: human-curated hiện hành; Sản phẩm: inference_name_v0,Chưa quan sát tổ hợp trong phạm vi đã kiểm tra,Không có dòng Campaign được gắn vào tổ hợp này; không được đổi thành Ads Cost = 0.,Giữ giá trị trống; kiểm tra lại khi mapping/source thay đổi.
2026-03,Sản phẩm × Campaign objective,Sản phẩm,Cát Khoáng MineralX,Campaign objective,Sales - Purchase [Suy luận từ tên Campaign],Nhóm sản phẩm,,,JOYCAT_CAMPAIGN_3_THANG_CO_CHI_PHI_OBJECTIVE_DEMO.xlsx,Campaign_3_tháng,,Objective: human-curated hiện hành; Sản phẩm: inference_name_v0,Chưa quan sát tổ hợp trong phạm vi đã kiểm tra,Không có dòng Campaign được gắn vào tổ hợp này; không được đổi thành Ads Cost = 0.,Giữ giá trị trống; kiểm tra lại khi mapping/source thay đổi.
2026-03,Sản phẩm × Campaign objective,Sản phẩm,Cát Khoáng MineralX,Campaign objective,Awareness - Ad recall,Nhóm sản phẩm,,,JOYCAT_CAMPAIGN_3_THANG_CO_CHI_PHI_OBJECTIVE_DEMO.xlsx,Campaign_3_tháng,,Objective: human-curated hiện hành; Sản phẩm: inference_name_v0,Chưa quan sát tổ hợp trong phạm vi đã kiểm tra,Không có dòng Campaign được gắn vào tổ hợp này; không được đổi thành Ads Cost = 0.,Giữ giá trị trống; kiểm tra lại khi mapping/source thay đổi.
2026-03,Sản phẩm × Campaign objective,Sản phẩm,Cát Khoáng MineralX,Campaign objective,Chưa xác định,Nhóm sản phẩm,,,JOYCAT_CAMPAIGN_3_THANG_CO_CHI_PHI_OBJECTIVE_DEMO.xlsx,Campaign_3_tháng,,Objective: human-curated hiện hành; Sản phẩm: inference_name_v0,Chưa quan sát tổ hợp trong phạm vi đã kiểm tra,Không có dòng Campaign được gắn vào tổ hợp này; không được đổi thành Ads Cost = 0.,Giữ giá trị trống; kiểm tra lại khi mapping/source thay đổi.
2026-03,Sản phẩm × Campaign objective,Sản phẩm,Cát Đậu Nành Mix Khoáng PowerX,Campaign objective,Engagement - Messaging,Nhóm sản phẩm,,,JOYCAT_CAMPAIGN_3_THANG_CO_CHI_PHI_OBJECTIVE_DEMO.xlsx,Campaign_3_tháng,,Objective: human-curated hiện hành; Sản phẩm: inference_name_v0,Chưa quan sát tổ hợp trong phạm vi đã kiểm tra,Không có dòng Campaign được gắn vào tổ hợp này; không được đổi thành Ads Cost = 0.,Giữ giá trị trống; kiểm tra lại khi mapping/source thay đổi.
2026-03,Sản phẩm × Campaign objective,Sản phẩm,Cát Đậu Nành Mix Khoáng PowerX,Campaign objective,Engagement - Post engagement,Nhóm sản phẩm,,,JOYCAT_CAMPAIGN_3_THANG_CO_CHI_PHI_OBJECTIVE_DEMO.xlsx,Campaign_3_tháng,,Objective: human-curated hiện hành; Sản phẩm: inference_name_v0,Chưa quan sát tổ hợp trong phạm vi đã kiểm tra,Không có dòng Campaign được gắn vào tổ hợp này; không được đổi thành Ads Cost = 0.,Giữ giá trị trống; kiểm tra lại khi mapping/source thay đổi.
2026-03,Sản phẩm × Campaign objective,Sản phẩm,Cát Đậu Nành Mix Khoáng PowerX,Campaign objective,Sales - Purchase,Nhóm sản phẩm,,,JOYCAT_CAMPAIGN_3_THANG_CO_CHI_PHI_OBJECTIVE_DEMO.xlsx,Campaign_3_tháng,,Objective: human-curated hiện hành; Sản phẩm: inference_name_v0,Chưa quan sát tổ hợp trong phạm vi đã kiểm tra,Không có dòng Campaign được gắn vào tổ hợp này; không được đổi thành Ads Cost = 0.,Giữ giá trị trống; kiểm tra lại khi mapping/source thay đổi.
2026-03,Sản phẩm × Campaign objective,Sản phẩm,Cát Đậu Nành Mix Khoáng PowerX,Campaign objective,Sales - Purchase [Suy luận từ tên Campaign],Nhóm sản phẩm,,,JOYCAT_CAMPAIGN_3_THANG_CO_CHI_PHI_OBJECTIVE_DEMO.xlsx,Campaign_3_tháng,,Objective: human-curated hiện hành; Sản phẩm: inference_name_v0,Chưa quan sát tổ hợp trong phạm vi đã kiểm tra,Không có dòng Campaign được gắn vào tổ hợp này; không được đổi thành Ads Cost = 0.,Giữ giá trị trống; kiểm tra lại khi mapping/source thay đổi.
2026-03,Sản phẩm × Campaign objective,Sản phẩm,Cát Đậu Nành Mix Khoáng PowerX,Campaign objective,Awareness - Ad recall,Nhóm sản phẩm,,,JOYCAT_CAMPAIGN_3_THANG_CO_CHI_PHI_OBJECTIVE_DEMO.xlsx,Campaign_3_tháng,,Objective: human-curated hiện hành; Sản phẩm: inference_name_v0,Chưa quan sát tổ hợp trong phạm vi đã kiểm tra,Không có dòng Campaign được gắn vào tổ hợp này; không được đổi thành Ads Cost = 0.,Giữ giá trị trống; kiểm tra lại khi mapping/source thay đổi.
2026-03,Sản phẩm × Campaign objective,Sản phẩm,Cát Đậu Nành Mix Khoáng PowerX,Campaign objective,Chưa xác định,Nhóm sản phẩm,,,JOYCAT_CAMPAIGN_3_THANG_CO_CHI_PHI_OBJECTIVE_DEMO.xlsx,Campaign_3_tháng,,Objective: human-curated hiện hành; Sản phẩm: inference_name_v0,Chưa quan sát tổ hợp trong phạm vi đã kiểm tra,Không có dòng Campaign được gắn vào tổ hợp này; không được đổi thành Ads Cost = 0.,Giữ giá trị trống; kiểm tra lại khi mapping/source thay đổi.
2026-03,Sản phẩm × Campaign objective,Sản phẩm,Cát Sắn Mix Đậu Nành Tofuu.X,Campaign objective,Engagement - Messaging,Nhóm sản phẩm,,,JOYCAT_CAMPAIGN_3_THANG_CO_CHI_PHI_OBJECTIVE_DEMO.xlsx,Campaign_3_tháng,,Objective: human-curated hiện hành; Sản phẩm: inference_name_v0,Chưa quan sát tổ hợp trong phạm vi đã kiểm tra,Không có dòng Campaign được gắn vào tổ hợp này; không được đổi thành Ads Cost = 0.,Giữ giá trị trống; kiểm tra lại khi mapping/source thay đổi.
2026-03,Sản phẩm × Campaign objective,Sản phẩm,Cát Sắn Mix Đậu Nành Tofuu.X,Campaign objective,Engagement - Post engagement,Nhóm sản phẩm,,,JOYCAT_CAMPAIGN_3_THANG_CO_CHI_PHI_OBJECTIVE_DEMO.xlsx,Campaign_3_tháng,,Objective: human-curated hiện hành; Sản phẩm: inference_name_v0,Chưa quan sát tổ hợp trong phạm vi đã kiểm tra,Không có dòng Campaign được gắn vào tổ hợp này; không được đổi thành Ads Cost = 0.,Giữ giá trị trống; kiểm tra lại khi mapping/source thay đổi.
2026-03,Sản phẩm × Campaign objective,Sản phẩm,Cát Sắn Mix Đậu Nành Tofuu.X,Campaign objective,Sales - Purchase,Nhóm sản phẩm,,,JOYCAT_CAMPAIGN_3_THANG_CO_CHI_PHI_OBJECTIVE_DEMO.xlsx,Campaign_3_tháng,,Objective: human-curated hiện hành; Sản phẩm: inference_name_v0,Chưa quan sát tổ hợp trong phạm vi đã kiểm tra,Không có dòng Campaign được gắn vào tổ hợp này; không được đổi thành Ads Cost = 0.,Giữ giá trị trống; kiểm tra lại khi mapping/source thay đổi.
2026-03,Sản phẩm × Campaign objective,Sản phẩm,Cát Sắn Mix Đậu Nành Tofuu.X,Campaign objective,Sales - Purchase [Suy luận từ tên Campaign],Nhóm sản phẩm,,,JOYCAT_CAMPAIGN_3_THANG_CO_CHI_PHI_OBJECTIVE_DEMO.xlsx,Campaign_3_tháng,,Objective: human-curated hiện hành; Sản phẩm: inference_name_v0,Chưa quan sát tổ hợp trong phạm vi đã kiểm tra,Không có dòng Campaign được gắn vào tổ hợp này; không được đổi thành Ads Cost = 0.,Giữ giá trị trống; kiểm tra lại khi mapping/source thay đổi.
2026-03,Sản phẩm × Campaign objective,Sản phẩm,Cát Sắn Mix Đậu Nành Tofuu.X,Campaign objective,Awareness - Ad recall,Nhóm sản phẩm,,,JOYCAT_CAMPAIGN_3_THANG_CO_CHI_PHI_OBJECTIVE_DEMO.xlsx,Campaign_3_tháng,,Objective: human-curated hiện hành; Sản phẩm: inference_name_v0,Chưa quan sát tổ hợp trong phạm vi đã kiểm tra,Không có dòng Campaign được gắn vào tổ hợp này; không được đổi thành Ads Cost = 0.,Giữ giá trị trống; kiểm tra lại khi mapping/source thay đổi.
2026-03,Sản phẩm × Campaign objective,Sản phẩm,Cát Sắn Mix Đậu Nành Tofuu.X,Campaign objective,Chưa xác định,Nhóm sản phẩm,,,JOYCAT_CAMPAIGN_3_THANG_CO_CHI_PHI_OBJECTIVE_DEMO.xlsx,Campaign_3_tháng,,Objective: human-curated hiện hành; Sản phẩm: inference_name_v0,Chưa quan sát tổ hợp trong phạm vi đã kiểm tra,Không có dòng Campaign được gắn vào tổ hợp này; không được đổi thành Ads Cost = 0.,Giữ giá trị trống; kiểm tra lại khi mapping/source thay đổi.
2026-03,Sản phẩm × Campaign objective,Sản phẩm,Cát nói chung,Campaign objective,Engagement - Messaging,Ngành hàng,2,13010164,JOYCAT_CAMPAIGN_3_THANG_CO_CHI_PHI_OBJECTIVE_DEMO.xlsx,Campaign_3_tháng,"6,7",Objective: human-curated hiện hành; Sản phẩm: inference_name_v0,Tính được một phần bằng human mapping,Objective suy luận được Duy cho phép dùng; sản phẩm mới suy luận tới nhóm/ngành hàng hoặc Shared.,Giữ metadata Objective; owner duyệt product mapping hoặc xin Ads ID → Item ID/SKU.
2026-03,Sản phẩm × Campaign objective,Sản phẩm,Cát nói chung,Campaign objective,Engagement - Post engagement,Ngành hàng,,,JOYCAT_CAMPAIGN_3_THANG_CO_CHI_PHI_OBJECTIVE_DEMO.xlsx,Campaign_3_tháng,,Objective: human-curated hiện hành; Sản phẩm: inference_name_v0,Chưa quan sát tổ hợp trong phạm vi đã kiểm tra,Không có dòng Campaign được gắn vào tổ hợp này; không được đổi thành Ads Cost = 0.,Giữ giá trị trống; kiểm tra lại khi mapping/source thay đổi.
2026-03,Sản phẩm × Campaign objective,Sản phẩm,Cát nói chung,Campaign objective,Sales - Purchase,Ngành hàng,,,JOYCAT_CAMPAIGN_3_THANG_CO_CHI_PHI_OBJECTIVE_DEMO.xlsx,Campaign_3_tháng,,Objective: human-curated hiện hành; Sản phẩm: inference_name_v0,Chưa quan sát tổ hợp trong phạm vi đã kiểm tra,Không có dòng Campaign được gắn vào tổ hợp này; không được đổi thành Ads Cost = 0.,Giữ giá trị trống; kiểm tra lại khi mapping/source thay đổi.
2026-03,Sản phẩm × Campaign objective,Sản phẩm,Cát nói chung,Campaign objective,Sales - Purchase [Suy luận từ tên Campaign],Ngành hàng,,,JOYCAT_CAMPAIGN_3_THANG_CO_CHI_PHI_OBJECTIVE_DEMO.xlsx,Campaign_3_tháng,,Objective: human-curated hiện hành; Sản phẩm: inference_name_v0,Chưa quan sát tổ hợp trong phạm vi đã kiểm tra,Không có dòng Campaign được gắn vào tổ hợp này; không được đổi thành Ads Cost = 0.,Giữ giá trị trống; kiểm tra lại khi mapping/source thay đổi.
2026-03,Sản phẩm × Campaign objective,Sản phẩm,Cát nói chung,Campaign objective,Awareness - Ad recall,Ngành hàng,,,JOYCAT_CAMPAIGN_3_THANG_CO_CHI_PHI_OBJECTIVE_DEMO.xlsx,Campaign_3_tháng,,Objective: human-curated hiện hành; Sản phẩm: inference_name_v0,Chưa quan sát tổ hợp trong phạm vi đã kiểm tra,Không có dòng Campaign được gắn vào tổ hợp này; không được đổi thành Ads Cost = 0.,Giữ giá trị trống; kiểm tra lại khi mapping/source thay đổi.
2026-03,Sản phẩm × Campaign objective,Sản phẩm,Cát nói chung,Campaign objective,Chưa xác định,Ngành hàng,,,JOYCAT_CAMPAIGN_3_THANG_CO_CHI_PHI_OBJECTIVE_DEMO.xlsx,Campaign_3_tháng,,Objective: human-curated hiện hành; Sản phẩm: inference_name_v0,Chưa quan sát tổ hợp trong phạm vi đã kiểm tra,Không có dòng Campaign được gắn vào tổ hợp này; không được đổi thành Ads Cost = 0.,Giữ giá trị trống; kiểm tra lại khi mapping/source thay đổi.
2026-03,Sản phẩm × Campaign objective,Sản phẩm,Shared/Unmapped,Campaign objective,Engagement - Messaging,Shared/Unmapped,,,JOYCAT_CAMPAIGN_3_THANG_CO_CHI_PHI_OBJECTIVE_DEMO.xlsx,Campaign_3_tháng,,Objective: human-curated hiện hành; Sản phẩm: inference_name_v0,Chưa quan sát tổ hợp trong phạm vi đã kiểm tra,Không có dòng Campaign được gắn vào tổ hợp này; không được đổi thành Ads Cost = 0.,Giữ giá trị trống; kiểm tra lại khi mapping/source thay đổi.
2026-03,Sản phẩm × Campaign objective,Sản phẩm,Shared/Unmapped,Campaign objective,Engagement - Post engagement,Shared/Unmapped,,,JOYCAT_CAMPAIGN_3_THANG_CO_CHI_PHI_OBJECTIVE_DEMO.xlsx,Campaign_3_tháng,,Objective: human-curated hiện hành; Sản phẩm: inference_name_v0,Chưa quan sát tổ hợp trong phạm vi đã kiểm tra,Không có dòng Campaign được gắn vào tổ hợp này; không được đổi thành Ads Cost = 0.,Giữ giá trị trống; kiểm tra lại khi mapping/source thay đổi.
2026-03,Sản phẩm × Campaign objective,Sản phẩm,Shared/Unmapped,Campaign objective,Sales - Purchase,Shared/Unmapped,,,JOYCAT_CAMPAIGN_3_THANG_CO_CHI_PHI_OBJECTIVE_DEMO.xlsx,Campaign_3_tháng,,Objective: human-curated hiện hành; Sản phẩm: inference_name_v0,Chưa quan sát tổ hợp trong phạm vi đã kiểm tra,Không có dòng Campaign được gắn vào tổ hợp này; không được đổi thành Ads Cost = 0.,Giữ giá trị trống; kiểm tra lại khi mapping/source thay đổi.
2026-03,Sản phẩm × Campaign objective,Sản phẩm,Shared/Unmapped,Campaign objective,Sales - Purchase [Suy luận từ tên Campaign],Shared/Unmapped,,,JOYCAT_CAMPAIGN_3_THANG_CO_CHI_PHI_OBJECTIVE_DEMO.xlsx,Campaign_3_tháng,,Objective: human-curated hiện hành; Sản phẩm: inference_name_v0,Chưa quan sát tổ hợp trong phạm vi đã kiểm tra,Không có dòng Campaign được gắn vào tổ hợp này; không được đổi thành Ads Cost = 0.,Giữ giá trị trống; kiểm tra lại khi mapping/source thay đổi.
2026-03,Sản phẩm × Campaign objective,Sản phẩm,Shared/Unmapped,Campaign objective,Awareness - Ad recall,Shared/Unmapped,,,JOYCAT_CAMPAIGN_3_THANG_CO_CHI_PHI_OBJECTIVE_DEMO.xlsx,Campaign_3_tháng,,Objective: human-curated hiện hành; Sản phẩm: inference_name_v0,Chưa quan sát tổ hợp trong phạm vi đã kiểm tra,Không có dòng Campaign được gắn vào tổ hợp này; không được đổi thành Ads Cost = 0.,Giữ giá trị trống; kiểm tra lại khi mapping/source thay đổi.
2026-03,Sản phẩm × Campaign objective,Sản phẩm,Shared/Unmapped,Campaign objective,Chưa xác định,Shared/Unmapped,,,JOYCAT_CAMPAIGN_3_THANG_CO_CHI_PHI_OBJECTIVE_DEMO.xlsx,Campaign_3_tháng,,Objective: human-curated hiện hành; Sản phẩm: inference_name_v0,Chưa quan sát tổ hợp trong phạm vi đã kiểm tra,Không có dòng Campaign được gắn vào tổ hợp này; không được đổi thành Ads Cost = 0.,Giữ giá trị trống; kiểm tra lại khi mapping/source thay đổi.
2026-04,Sản phẩm × Campaign objective,Sản phẩm,Vi sinh khử mùi,Campaign objective,Engagement - Messaging,Nhóm sản phẩm,2,8680692,JOYCAT_CAMPAIGN_3_THANG_CO_CHI_PHI_OBJECTIVE_DEMO.xlsx,Campaign_3_tháng,"55,61",Objective: human-curated hiện hành; Sản phẩm: inference_name_v0,Tính được một phần bằng human mapping,Objective suy luận được Duy cho phép dùng; sản phẩm mới suy luận tới nhóm/ngành hàng hoặc Shared.,Giữ metadata Objective; owner duyệt product mapping hoặc xin Ads ID → Item ID/SKU.
2026-04,Sản phẩm × Campaign objective,Sản phẩm,Vi sinh khử mùi,Campaign objective,Engagement - Post engagement,Nhóm sản phẩm,2,1632335,JOYCAT_CAMPAIGN_3_THANG_CO_CHI_PHI_OBJECTIVE_DEMO.xlsx,Campaign_3_tháng,"56,62",Objective: human-curated hiện hành; Sản phẩm: inference_name_v0,Tính được một phần bằng human mapping,Objective suy luận được Duy cho phép dùng; sản phẩm mới suy luận tới nhóm/ngành hàng hoặc Shared.,Giữ metadata Objective; owner duyệt product mapping hoặc xin Ads ID → Item ID/SKU.
2026-04,Sản phẩm × Campaign objective,Sản phẩm,Vi sinh khử mùi,Campaign objective,Sales - Purchase,Nhóm sản phẩm,,,JOYCAT_CAMPAIGN_3_THANG_CO_CHI_PHI_OBJECTIVE_DEMO.xlsx,Campaign_3_tháng,,Objective: human-curated hiện hành; Sản phẩm: inference_name_v0,Chưa quan sát tổ hợp trong phạm vi đã kiểm tra,Không có dòng Campaign được gắn vào tổ hợp này; không được đổi thành Ads Cost = 0.,Giữ giá trị trống; kiểm tra lại khi mapping/source thay đổi.
2026-04,Sản phẩm × Campaign objective,Sản phẩm,Vi sinh khử mùi,Campaign objective,Sales - Purchase [Suy luận từ tên Campaign],Nhóm sản phẩm,,,JOYCAT_CAMPAIGN_3_THANG_CO_CHI_PHI_OBJECTIVE_DEMO.xlsx,Campaign_3_tháng,,Objective: human-curated hiện hành; Sản phẩm: inference_name_v0,Chưa quan sát tổ hợp trong phạm vi đã kiểm tra,Không có dòng Campaign được gắn vào tổ hợp này; không được đổi thành Ads Cost = 0.,Giữ giá trị trống; kiểm tra lại khi mapping/source thay đổi.
2026-04,Sản phẩm × Campaign objective,Sản phẩm,Vi sinh khử mùi,Campaign objective,Awareness - Ad recall,Nhóm sản phẩm,,,JOYCAT_CAMPAIGN_3_THANG_CO_CHI_PHI_OBJECTIVE_DEMO.xlsx,Campaign_3_tháng,,Objective: human-curated hiện hành; Sản phẩm: inference_name_v0,Chưa quan sát tổ hợp trong phạm vi đã kiểm tra,Không có dòng Campaign được gắn vào tổ hợp này; không được đổi thành Ads Cost = 0.,Giữ giá trị trống; kiểm tra lại khi mapping/source thay đổi.
2026-04,Sản phẩm × Campaign objective,Sản phẩm,Vi sinh khử mùi,Campaign objective,Chưa xác định,Nhóm sản phẩm,,,JOYCAT_CAMPAIGN_3_THANG_CO_CHI_PHI_OBJECTIVE_DEMO.xlsx,Campaign_3_tháng,,Objective: human-curated hiện hành; Sản phẩm: inference_name_v0,Chưa quan sát tổ hợp trong phạm vi đã kiểm tra,Không có dòng Campaign được gắn vào tổ hợp này; không được đổi thành Ads Cost = 0.,Giữ giá trị trống; kiểm tra lại khi mapping/source thay đổi.
2026-04,Sản phẩm × Campaign objective,Sản phẩm,Cát Sắn Natural,Campaign objective,Engagement - Messaging,Nhóm sản phẩm,6,21570138,JOYCAT_CAMPAIGN_3_THANG_CO_CHI_PHI_OBJECTIVE_DEMO.xlsx,Campaign_3_tháng,"27,46,52,53,63,64",Objective: human-curated hiện hành; Sản phẩm: inference_name_v0,Tính được một phần bằng human mapping,Objective suy luận được Duy cho phép dùng; sản phẩm mới suy luận tới nhóm/ngành hàng hoặc Shared.,Giữ metadata Objective; owner duyệt product mapping hoặc xin Ads ID → Item ID/SKU.
2026-04,Sản phẩm × Campaign objective,Sản phẩm,Cát Sắn Natural,Campaign objective,Engagement - Post engagement,Nhóm sản phẩm,3,2017623,JOYCAT_CAMPAIGN_3_THANG_CO_CHI_PHI_OBJECTIVE_DEMO.xlsx,Campaign_3_tháng,"26,47,54",Objective: human-curated hiện hành; Sản phẩm: inference_name_v0,Tính được một phần bằng human mapping,Objective suy luận được Duy cho phép dùng; sản phẩm mới suy luận tới nhóm/ngành hàng hoặc Shared.,Giữ metadata Objective; owner duyệt product mapping hoặc xin Ads ID → Item ID/SKU.
2026-04,Sản phẩm × Campaign objective,Sản phẩm,Cát Sắn Natural,Campaign objective,Sales - Purchase,Nhóm sản phẩm,,,JOYCAT_CAMPAIGN_3_THANG_CO_CHI_PHI_OBJECTIVE_DEMO.xlsx,Campaign_3_tháng,,Objective: human-curated hiện hành; Sản phẩm: inference_name_v0,Chưa quan sát tổ hợp trong phạm vi đã kiểm tra,Không có dòng Campaign được gắn vào tổ hợp này; không được đổi thành Ads Cost = 0.,Giữ giá trị trống; kiểm tra lại khi mapping/source thay đổi.
2026-04,Sản phẩm × Campaign objective,Sản phẩm,Cát Sắn Natural,Campaign objective,Sales - Purchase [Suy luận từ tên Campaign],Nhóm sản phẩm,,,JOYCAT_CAMPAIGN_3_THANG_CO_CHI_PHI_OBJECTIVE_DEMO.xlsx,Campaign_3_tháng,,Objective: human-curated hiện hành; Sản phẩm: inference_name_v0,Chưa quan sát tổ hợp trong phạm vi đã kiểm tra,Không có dòng Campaign được gắn vào tổ hợp này; không được đổi thành Ads Cost = 0.,Giữ giá trị trống; kiểm tra lại khi mapping/source thay đổi.
2026-04,Sản phẩm × Campaign objective,Sản phẩm,Cát Sắn Natural,Campaign objective,Awareness - Ad recall,Nhóm sản phẩm,,,JOYCAT_CAMPAIGN_3_THANG_CO_CHI_PHI_OBJECTIVE_DEMO.xlsx,Campaign_3_tháng,,Objective: human-curated hiện hành; Sản phẩm: inference_name_v0,Chưa quan sát tổ hợp trong phạm vi đã kiểm tra,Không có dòng Campaign được gắn vào tổ hợp này; không được đổi thành Ads Cost = 0.,Giữ giá trị trống; kiểm tra lại khi mapping/source thay đổi.
2026-04,Sản phẩm × Campaign objective,Sản phẩm,Cát Sắn Natural,Campaign objective,Chưa xác định,Nhóm sản phẩm,,,JOYCAT_CAMPAIGN_3_THANG_CO_CHI_PHI_OBJECTIVE_DEMO.xlsx,Campaign_3_tháng,,Objective: human-curated hiện hành; Sản phẩm: inference_name_v0,Chưa quan sát tổ hợp trong phạm vi đã kiểm tra,Không có dòng Campaign được gắn vào tổ hợp này; không được đổi thành Ads Cost = 0.,Giữ giá trị trống; kiểm tra lại khi mapping/source thay đổi.
2026-04,Sản phẩm × Campaign objective,Sản phẩm,Cát Mix PerformX,Campaign objective,Engagement - Messaging,Nhóm sản phẩm,4,3946941,JOYCAT_CAMPAIGN_3_THANG_CO_CHI_PHI_OBJECTIVE_DEMO.xlsx,Campaign_3_tháng,"37,38,39,40",Objective: human-curated hiện hành; Sản phẩm: inference_name_v0,Tính được một phần bằng human mapping,Objective suy luận được Duy cho phép dùng; sản phẩm mới suy luận tới nhóm/ngành hàng hoặc Shared.,Giữ metadata Objective; owner duyệt product mapping hoặc xin Ads ID → Item ID/SKU.
2026-04,Sản phẩm × Campaign objective,Sản phẩm,Cát Mix PerformX,Campaign objective,Engagement - Post engagement,Nhóm sản phẩm,5,484987,JOYCAT_CAMPAIGN_3_THANG_CO_CHI_PHI_OBJECTIVE_DEMO.xlsx,Campaign_3_tháng,"41,42,43,44,45",Objective: human-curated hiện hành; Sản phẩm: inference_name_v0,Tính được một phần bằng human mapping,Objective suy luận được Duy cho phép dùng; sản phẩm mới suy luận tới nhóm/ngành hàng hoặc Shared.,Giữ metadata Objective; owner duyệt product mapping hoặc xin Ads ID → Item ID/SKU.
2026-04,Sản phẩm × Campaign objective,Sản phẩm,Cát Mix PerformX,Campaign objective,Sales - Purchase,Nhóm sản phẩm,,,JOYCAT_CAMPAIGN_3_THANG_CO_CHI_PHI_OBJECTIVE_DEMO.xlsx,Campaign_3_tháng,,Objective: human-curated hiện hành; Sản phẩm: inference_name_v0,Chưa quan sát tổ hợp trong phạm vi đã kiểm tra,Không có dòng Campaign được gắn vào tổ hợp này; không được đổi thành Ads Cost = 0.,Giữ giá trị trống; kiểm tra lại khi mapping/source thay đổi.
2026-04,Sản phẩm × Campaign objective,Sản phẩm,Cát Mix PerformX,Campaign objective,Sales - Purchase [Suy luận từ tên Campaign],Nhóm sản phẩm,,,JOYCAT_CAMPAIGN_3_THANG_CO_CHI_PHI_OBJECTIVE_DEMO.xlsx,Campaign_3_tháng,,Objective: human-curated hiện hành; Sản phẩm: inference_name_v0,Chưa quan sát tổ hợp trong phạm vi đã kiểm tra,Không có dòng Campaign được gắn vào tổ hợp này; không được đổi thành Ads Cost = 0.,Giữ giá trị trống; kiểm tra lại khi mapping/source thay đổi.
2026-04,Sản phẩm × Campaign objective,Sản phẩm,Cát Mix PerformX,Campaign objective,Awareness - Ad recall,Nhóm sản phẩm,,,JOYCAT_CAMPAIGN_3_THANG_CO_CHI_PHI_OBJECTIVE_DEMO.xlsx,Campaign_3_tháng,,Objective: human-curated hiện hành; Sản phẩm: inference_name_v0,Chưa quan sát tổ hợp trong phạm vi đã kiểm tra,Không có dòng Campaign được gắn vào tổ hợp này; không được đổi thành Ads Cost = 0.,Giữ giá trị trống; kiểm tra lại khi mapping/source thay đổi.
2026-04,Sản phẩm × Campaign objective,Sản phẩm,Cát Mix PerformX,Campaign objective,Chưa xác định,Nhóm sản phẩm,1,242058,JOYCAT_CAMPAIGN_3_THANG_CO_CHI_PHI_OBJECTIVE_DEMO.xlsx,Campaign_3_tháng,36,Objective: human-curated hiện hành; Sản phẩm: inference_name_v0,Tính được một phần bằng human mapping,Objective suy luận được Duy cho phép dùng; sản phẩm mới suy luận tới nhóm/ngành hàng hoặc Shared.,Giữ metadata Objective; owner duyệt product mapping hoặc xin Ads ID → Item ID/SKU.
2026-04,Sản phẩm × Campaign objective,Sản phẩm,Cát Khoáng MineralX,Campaign objective,Engagement - Messaging,Nhóm sản phẩm,4,3064095,JOYCAT_CAMPAIGN_3_THANG_CO_CHI_PHI_OBJECTIVE_DEMO.xlsx,Campaign_3_tháng,"28,29,30,31",Objective: human-curated hiện hành; Sản phẩm: inference_name_v0,Tính được một phần bằng human mapping,Objective suy luận được Duy cho phép dùng; sản phẩm mới suy luận tới nhóm/ngành hàng hoặc Shared.,Giữ metadata Objective; owner duyệt product mapping hoặc xin Ads ID → Item ID/SKU.
2026-04,Sản phẩm × Campaign objective,Sản phẩm,Cát Khoáng MineralX,Campaign objective,Engagement - Post engagement,Nhóm sản phẩm,4,377547,JOYCAT_CAMPAIGN_3_THANG_CO_CHI_PHI_OBJECTIVE_DEMO.xlsx,Campaign_3_tháng,"32,33,34,35",Objective: human-curated hiện hành; Sản phẩm: inference_name_v0,Tính được một phần bằng human mapping,Objective suy luận được Duy cho phép dùng; sản phẩm mới suy luận tới nhóm/ngành hàng hoặc Shared.,Giữ metadata Objective; owner duyệt product mapping hoặc xin Ads ID → Item ID/SKU.
2026-04,Sản phẩm × Campaign objective,Sản phẩm,Cát Khoáng MineralX,Campaign objective,Sales - Purchase,Nhóm sản phẩm,,,JOYCAT_CAMPAIGN_3_THANG_CO_CHI_PHI_OBJECTIVE_DEMO.xlsx,Campaign_3_tháng,,Objective: human-curated hiện hành; Sản phẩm: inference_name_v0,Chưa quan sát tổ hợp trong phạm vi đã kiểm tra,Không có dòng Campaign được gắn vào tổ hợp này; không được đổi thành Ads Cost = 0.,Giữ giá trị trống; kiểm tra lại khi mapping/source thay đổi.
2026-04,Sản phẩm × Campaign objective,Sản phẩm,Cát Khoáng MineralX,Campaign objective,Sales - Purchase [Suy luận từ tên Campaign],Nhóm sản phẩm,,,JOYCAT_CAMPAIGN_3_THANG_CO_CHI_PHI_OBJECTIVE_DEMO.xlsx,Campaign_3_tháng,,Objective: human-curated hiện hành; Sản phẩm: inference_name_v0,Chưa quan sát tổ hợp trong phạm vi đã kiểm tra,Không có dòng Campaign được gắn vào tổ hợp này; không được đổi thành Ads Cost = 0.,Giữ giá trị trống; kiểm tra lại khi mapping/source thay đổi.
2026-04,Sản phẩm × Campaign objective,Sản phẩm,Cát Khoáng MineralX,Campaign objective,Awareness - Ad recall,Nhóm sản phẩm,,,JOYCAT_CAMPAIGN_3_THANG_CO_CHI_PHI_OBJECTIVE_DEMO.xlsx,Campaign_3_tháng,,Objective: human-curated hiện hành; Sản phẩm: inference_name_v0,Chưa quan sát tổ hợp trong phạm vi đã kiểm tra,Không có dòng Campaign được gắn vào tổ hợp này; không được đổi thành Ads Cost = 0.,Giữ giá trị trống; kiểm tra lại khi mapping/source thay đổi.
2026-04,Sản phẩm × Campaign objective,Sản phẩm,Cát Khoáng MineralX,Campaign objective,Chưa xác định,Nhóm sản phẩm,,,JOYCAT_CAMPAIGN_3_THANG_CO_CHI_PHI_OBJECTIVE_DEMO.xlsx,Campaign_3_tháng,,Objective: human-curated hiện hành; Sản phẩm: inference_name_v0,Chưa quan sát tổ hợp trong phạm vi đã kiểm tra,Không có dòng Campaign được gắn vào tổ hợp này; không được đổi thành Ads Cost = 0.,Giữ giá trị trống; kiểm tra lại khi mapping/source thay đổi.
2026-04,Sản phẩm × Campaign objective,Sản phẩm,Cát Đậu Nành Mix Khoáng PowerX,Campaign objective,Engagement - Messaging,Nhóm sản phẩm,,,JOYCAT_CAMPAIGN_3_THANG_CO_CHI_PHI_OBJECTIVE_DEMO.xlsx,Campaign_3_tháng,,Objective: human-curated hiện hành; Sản phẩm: inference_name_v0,Chưa quan sát tổ hợp trong phạm vi đã kiểm tra,Không có dòng Campaign được gắn vào tổ hợp này; không được đổi thành Ads Cost = 0.,Giữ giá trị trống; kiểm tra lại khi mapping/source thay đổi.
2026-04,Sản phẩm × Campaign objective,Sản phẩm,Cát Đậu Nành Mix Khoáng PowerX,Campaign objective,Engagement - Post engagement,Nhóm sản phẩm,,,JOYCAT_CAMPAIGN_3_THANG_CO_CHI_PHI_OBJECTIVE_DEMO.xlsx,Campaign_3_tháng,,Objective: human-curated hiện hành; Sản phẩm: inference_name_v0,Chưa quan sát tổ hợp trong phạm vi đã kiểm tra,Không có dòng Campaign được gắn vào tổ hợp này; không được đổi thành Ads Cost = 0.,Giữ giá trị trống; kiểm tra lại khi mapping/source thay đổi.
2026-04,Sản phẩm × Campaign objective,Sản phẩm,Cát Đậu Nành Mix Khoáng PowerX,Campaign objective,Sales - Purchase,Nhóm sản phẩm,,,JOYCAT_CAMPAIGN_3_THANG_CO_CHI_PHI_OBJECTIVE_DEMO.xlsx,Campaign_3_tháng,,Objective: human-curated hiện hành; Sản phẩm: inference_name_v0,Chưa quan sát tổ hợp trong phạm vi đã kiểm tra,Không có dòng Campaign được gắn vào tổ hợp này; không được đổi thành Ads Cost = 0.,Giữ giá trị trống; kiểm tra lại khi mapping/source thay đổi.
2026-04,Sản phẩm × Campaign objective,Sản phẩm,Cát Đậu Nành Mix Khoáng PowerX,Campaign objective,Sales - Purchase [Suy luận từ tên Campaign],Nhóm sản phẩm,,,JOYCAT_CAMPAIGN_3_THANG_CO_CHI_PHI_OBJECTIVE_DEMO.xlsx,Campaign_3_tháng,,Objective: human-curated hiện hành; Sản phẩm: inference_name_v0,Chưa quan sát tổ hợp trong phạm vi đã kiểm tra,Không có dòng Campaign được gắn vào tổ hợp này; không được đổi thành Ads Cost = 0.,Giữ giá trị trống; kiểm tra lại khi mapping/source thay đổi.
2026-04,Sản phẩm × Campaign objective,Sản phẩm,Cát Đậu Nành Mix Khoáng PowerX,Campaign objective,Awareness - Ad recall,Nhóm sản phẩm,,,JOYCAT_CAMPAIGN_3_THANG_CO_CHI_PHI_OBJECTIVE_DEMO.xlsx,Campaign_3_tháng,,Objective: human-curated hiện hành; Sản phẩm: inference_name_v0,Chưa quan sát tổ hợp trong phạm vi đã kiểm tra,Không có dòng Campaign được gắn vào tổ hợp này; không được đổi thành Ads Cost = 0.,Giữ giá trị trống; kiểm tra lại khi mapping/source thay đổi.
2026-04,Sản phẩm × Campaign objective,Sản phẩm,Cát Đậu Nành Mix Khoáng PowerX,Campaign objective,Chưa xác định,Nhóm sản phẩm,,,JOYCAT_CAMPAIGN_3_THANG_CO_CHI_PHI_OBJECTIVE_DEMO.xlsx,Campaign_3_tháng,,Objective: human-curated hiện hành; Sản phẩm: inference_name_v0,Chưa quan sát tổ hợp trong phạm vi đã kiểm tra,Không có dòng Campaign được gắn vào tổ hợp này; không được đổi thành Ads Cost = 0.,Giữ giá trị trống; kiểm tra lại khi mapping/source thay đổi.
2026-04,Sản phẩm × Campaign objective,Sản phẩm,Cát Sắn Mix Đậu Nành Tofuu.X,Campaign objective,Engagement - Messaging,Nhóm sản phẩm,,,JOYCAT_CAMPAIGN_3_THANG_CO_CHI_PHI_OBJECTIVE_DEMO.xlsx,Campaign_3_tháng,,Objective: human-curated hiện hành; Sản phẩm: inference_name_v0,Chưa quan sát tổ hợp trong phạm vi đã kiểm tra,Không có dòng Campaign được gắn vào tổ hợp này; không được đổi thành Ads Cost = 0.,Giữ giá trị trống; kiểm tra lại khi mapping/source thay đổi.
2026-04,Sản phẩm × Campaign objective,Sản phẩm,Cát Sắn Mix Đậu Nành Tofuu.X,Campaign objective,Engagement - Post engagement,Nhóm sản phẩm,,,JOYCAT_CAMPAIGN_3_THANG_CO_CHI_PHI_OBJECTIVE_DEMO.xlsx,Campaign_3_tháng,,Objective: human-curated hiện hành; Sản phẩm: inference_name_v0,Chưa quan sát tổ hợp trong phạm vi đã kiểm tra,Không có dòng Campaign được gắn vào tổ hợp này; không được đổi thành Ads Cost = 0.,Giữ giá trị trống; kiểm tra lại khi mapping/source thay đổi.
2026-04,Sản phẩm × Campaign objective,Sản phẩm,Cát Sắn Mix Đậu Nành Tofuu.X,Campaign objective,Sales - Purchase,Nhóm sản phẩm,,,JOYCAT_CAMPAIGN_3_THANG_CO_CHI_PHI_OBJECTIVE_DEMO.xlsx,Campaign_3_tháng,,Objective: human-curated hiện hành; Sản phẩm: inference_name_v0,Chưa quan sát tổ hợp trong phạm vi đã kiểm tra,Không có dòng Campaign được gắn vào tổ hợp này; không được đổi thành Ads Cost = 0.,Giữ giá trị trống; kiểm tra lại khi mapping/source thay đổi.
2026-04,Sản phẩm × Campaign objective,Sản phẩm,Cát Sắn Mix Đậu Nành Tofuu.X,Campaign objective,Sales - Purchase [Suy luận từ tên Campaign],Nhóm sản phẩm,,,JOYCAT_CAMPAIGN_3_THANG_CO_CHI_PHI_OBJECTIVE_DEMO.xlsx,Campaign_3_tháng,,Objective: human-curated hiện hành; Sản phẩm: inference_name_v0,Chưa quan sát tổ hợp trong phạm vi đã kiểm tra,Không có dòng Campaign được gắn vào tổ hợp này; không được đổi thành Ads Cost = 0.,Giữ giá trị trống; kiểm tra lại khi mapping/source thay đổi.
2026-04,Sản phẩm × Campaign objective,Sản phẩm,Cát Sắn Mix Đậu Nành Tofuu.X,Campaign objective,Awareness - Ad recall,Nhóm sản phẩm,,,JOYCAT_CAMPAIGN_3_THANG_CO_CHI_PHI_OBJECTIVE_DEMO.xlsx,Campaign_3_tháng,,Objective: human-curated hiện hành; Sản phẩm: inference_name_v0,Chưa quan sát tổ hợp trong phạm vi đã kiểm tra,Không có dòng Campaign được gắn vào tổ hợp này; không được đổi thành Ads Cost = 0.,Giữ giá trị trống; kiểm tra lại khi mapping/source thay đổi.
2026-04,Sản phẩm × Campaign objective,Sản phẩm,Cát Sắn Mix Đậu Nành Tofuu.X,Campaign objective,Chưa xác định,Nhóm sản phẩm,,,JOYCAT_CAMPAIGN_3_THANG_CO_CHI_PHI_OBJECTIVE_DEMO.xlsx,Campaign_3_tháng,,Objective: human-curated hiện hành; Sản phẩm: inference_name_v0,Chưa quan sát tổ hợp trong phạm vi đã kiểm tra,Không có dòng Campaign được gắn vào tổ hợp này; không được đổi thành Ads Cost = 0.,Giữ giá trị trống; kiểm tra lại khi mapping/source thay đổi.
2026-04,Sản phẩm × Campaign objective,Sản phẩm,Cát nói chung,Campaign objective,Engagement - Messaging,Ngành hàng,2,7547101,JOYCAT_CAMPAIGN_3_THANG_CO_CHI_PHI_OBJECTIVE_DEMO.xlsx,Campaign_3_tháng,"24,25",Objective: human-curated hiện hành; Sản phẩm: inference_name_v0,Tính được một phần bằng human mapping,Objective suy luận được Duy cho phép dùng; sản phẩm mới suy luận tới nhóm/ngành hàng hoặc Shared.,Giữ metadata Objective; owner duyệt product mapping hoặc xin Ads ID → Item ID/SKU.
2026-04,Sản phẩm × Campaign objective,Sản phẩm,Cát nói chung,Campaign objective,Engagement - Post engagement,Ngành hàng,,,JOYCAT_CAMPAIGN_3_THANG_CO_CHI_PHI_OBJECTIVE_DEMO.xlsx,Campaign_3_tháng,,Objective: human-curated hiện hành; Sản phẩm: inference_name_v0,Chưa quan sát tổ hợp trong phạm vi đã kiểm tra,Không có dòng Campaign được gắn vào tổ hợp này; không được đổi thành Ads Cost = 0.,Giữ giá trị trống; kiểm tra lại khi mapping/source thay đổi.
2026-04,Sản phẩm × Campaign objective,Sản phẩm,Cát nói chung,Campaign objective,Sales - Purchase,Ngành hàng,,,JOYCAT_CAMPAIGN_3_THANG_CO_CHI_PHI_OBJECTIVE_DEMO.xlsx,Campaign_3_tháng,,Objective: human-curated hiện hành; Sản phẩm: inference_name_v0,Chưa quan sát tổ hợp trong phạm vi đã kiểm tra,Không có dòng Campaign được gắn vào tổ hợp này; không được đổi thành Ads Cost = 0.,Giữ giá trị trống; kiểm tra lại khi mapping/source thay đổi.
2026-04,Sản phẩm × Campaign objective,Sản phẩm,Cát nói chung,Campaign objective,Sales - Purchase [Suy luận từ tên Campaign],Ngành hàng,,,JOYCAT_CAMPAIGN_3_THANG_CO_CHI_PHI_OBJECTIVE_DEMO.xlsx,Campaign_3_tháng,,Objective: human-curated hiện hành; Sản phẩm: inference_name_v0,Chưa quan sát tổ hợp trong phạm vi đã kiểm tra,Không có dòng Campaign được gắn vào tổ hợp này; không được đổi thành Ads Cost = 0.,Giữ giá trị trống; kiểm tra lại khi mapping/source thay đổi.
2026-04,Sản phẩm × Campaign objective,Sản phẩm,Cát nói chung,Campaign objective,Awareness - Ad recall,Ngành hàng,,,JOYCAT_CAMPAIGN_3_THANG_CO_CHI_PHI_OBJECTIVE_DEMO.xlsx,Campaign_3_tháng,,Objective: human-curated hiện hành; Sản phẩm: inference_name_v0,Chưa quan sát tổ hợp trong phạm vi đã kiểm tra,Không có dòng Campaign được gắn vào tổ hợp này; không được đổi thành Ads Cost = 0.,Giữ giá trị trống; kiểm tra lại khi mapping/source thay đổi.
2026-04,Sản phẩm × Campaign objective,Sản phẩm,Cát nói chung,Campaign objective,Chưa xác định,Ngành hàng,,,JOYCAT_CAMPAIGN_3_THANG_CO_CHI_PHI_OBJECTIVE_DEMO.xlsx,Campaign_3_tháng,,Objective: human-curated hiện hành; Sản phẩm: inference_name_v0,Chưa quan sát tổ hợp trong phạm vi đã kiểm tra,Không có dòng Campaign được gắn vào tổ hợp này; không được đổi thành Ads Cost = 0.,Giữ giá trị trống; kiểm tra lại khi mapping/source thay đổi.
2026-04,Sản phẩm × Campaign objective,Sản phẩm,Shared/Unmapped,Campaign objective,Engagement - Messaging,Shared/Unmapped,7,15174121,JOYCAT_CAMPAIGN_3_THANG_CO_CHI_PHI_OBJECTIVE_DEMO.xlsx,Campaign_3_tháng,"48,49,50,57,58,59,60",Objective: human-curated hiện hành; Sản phẩm: inference_name_v0,Tính được một phần bằng human mapping,Objective suy luận được Duy cho phép dùng; sản phẩm mới suy luận tới nhóm/ngành hàng hoặc Shared.,Giữ metadata Objective; owner duyệt product mapping hoặc xin Ads ID → Item ID/SKU.
2026-04,Sản phẩm × Campaign objective,Sản phẩm,Shared/Unmapped,Campaign objective,Engagement - Post engagement,Shared/Unmapped,1,96919,JOYCAT_CAMPAIGN_3_THANG_CO_CHI_PHI_OBJECTIVE_DEMO.xlsx,Campaign_3_tháng,51,Objective: human-curated hiện hành; Sản phẩm: inference_name_v0,Tính được một phần bằng human mapping,Objective suy luận được Duy cho phép dùng; sản phẩm mới suy luận tới nhóm/ngành hàng hoặc Shared.,Giữ metadata Objective; owner duyệt product mapping hoặc xin Ads ID → Item ID/SKU.
2026-04,Sản phẩm × Campaign objective,Sản phẩm,Shared/Unmapped,Campaign objective,Sales - Purchase,Shared/Unmapped,,,JOYCAT_CAMPAIGN_3_THANG_CO_CHI_PHI_OBJECTIVE_DEMO.xlsx,Campaign_3_tháng,,Objective: human-curated hiện hành; Sản phẩm: inference_name_v0,Chưa quan sát tổ hợp trong phạm vi đã kiểm tra,Không có dòng Campaign được gắn vào tổ hợp này; không được đổi thành Ads Cost = 0.,Giữ giá trị trống; kiểm tra lại khi mapping/source thay đổi.
2026-04,Sản phẩm × Campaign objective,Sản phẩm,Shared/Unmapped,Campaign objective,Sales - Purchase [Suy luận từ tên Campaign],Shared/Unmapped,,,JOYCAT_CAMPAIGN_3_THANG_CO_CHI_PHI_OBJECTIVE_DEMO.xlsx,Campaign_3_tháng,,Objective: human-curated hiện hành; Sản phẩm: inference_name_v0,Chưa quan sát tổ hợp trong phạm vi đã kiểm tra,Không có dòng Campaign được gắn vào tổ hợp này; không được đổi thành Ads Cost = 0.,Giữ giá trị trống; kiểm tra lại khi mapping/source thay đổi.
2026-04,Sản phẩm × Campaign objective,Sản phẩm,Shared/Unmapped,Campaign objective,Awareness - Ad recall,Shared/Unmapped,,,JOYCAT_CAMPAIGN_3_THANG_CO_CHI_PHI_OBJECTIVE_DEMO.xlsx,Campaign_3_tháng,,Objective: human-curated hiện hành; Sản phẩm: inference_name_v0,Chưa quan sát tổ hợp trong phạm vi đã kiểm tra,Không có dòng Campaign được gắn vào tổ hợp này; không được đổi thành Ads Cost = 0.,Giữ giá trị trống; kiểm tra lại khi mapping/source thay đổi.
2026-04,Sản phẩm × Campaign objective,Sản phẩm,Shared/Unmapped,Campaign objective,Chưa xác định,Shared/Unmapped,,,JOYCAT_CAMPAIGN_3_THANG_CO_CHI_PHI_OBJECTIVE_DEMO.xlsx,Campaign_3_tháng,,Objective: human-curated hiện hành; Sản phẩm: inference_name_v0,Chưa quan sát tổ hợp trong phạm vi đã kiểm tra,Không có dòng Campaign được gắn vào tổ hợp này; không được đổi thành Ads Cost = 0.,Giữ giá trị trống; kiểm tra lại khi mapping/source thay đổi.
2026-05,Sản phẩm × Campaign objective,Sản phẩm,Vi sinh khử mùi,Campaign objective,Engagement - Messaging,Nhóm sản phẩm,1,5576822,JOYCAT_CAMPAIGN_3_THANG_CO_CHI_PHI_OBJECTIVE_DEMO.xlsx,Campaign_3_tháng,86,Objective: human-curated hiện hành; Sản phẩm: inference_name_v0,Tính được một phần bằng human mapping,Objective suy luận được Duy cho phép dùng; sản phẩm mới suy luận tới nhóm/ngành hàng hoặc Shared.,Giữ metadata Objective; owner duyệt product mapping hoặc xin Ads ID → Item ID/SKU.
2026-05,Sản phẩm × Campaign objective,Sản phẩm,Vi sinh khử mùi,Campaign objective,Engagement - Post engagement,Nhóm sản phẩm,2,1733762,JOYCAT_CAMPAIGN_3_THANG_CO_CHI_PHI_OBJECTIVE_DEMO.xlsx,Campaign_3_tháng,"87,88",Objective: human-curated hiện hành; Sản phẩm: inference_name_v0,Tính được một phần bằng human mapping,Objective suy luận được Duy cho phép dùng; sản phẩm mới suy luận tới nhóm/ngành hàng hoặc Shared.,Giữ metadata Objective; owner duyệt product mapping hoặc xin Ads ID → Item ID/SKU.
2026-05,Sản phẩm × Campaign objective,Sản phẩm,Vi sinh khử mùi,Campaign objective,Sales - Purchase,Nhóm sản phẩm,,,JOYCAT_CAMPAIGN_3_THANG_CO_CHI_PHI_OBJECTIVE_DEMO.xlsx,Campaign_3_tháng,,Objective: human-curated hiện hành; Sản phẩm: inference_name_v0,Chưa quan sát tổ hợp trong phạm vi đã kiểm tra,Không có dòng Campaign được gắn vào tổ hợp này; không được đổi thành Ads Cost = 0.,Giữ giá trị trống; kiểm tra lại khi mapping/source thay đổi.
2026-05,Sản phẩm × Campaign objective,Sản phẩm,Vi sinh khử mùi,Campaign objective,Sales - Purchase [Suy luận từ tên Campaign],Nhóm sản phẩm,,,JOYCAT_CAMPAIGN_3_THANG_CO_CHI_PHI_OBJECTIVE_DEMO.xlsx,Campaign_3_tháng,,Objective: human-curated hiện hành; Sản phẩm: inference_name_v0,Chưa quan sát tổ hợp trong phạm vi đã kiểm tra,Không có dòng Campaign được gắn vào tổ hợp này; không được đổi thành Ads Cost = 0.,Giữ giá trị trống; kiểm tra lại khi mapping/source thay đổi.
2026-05,Sản phẩm × Campaign objective,Sản phẩm,Vi sinh khử mùi,Campaign objective,Awareness - Ad recall,Nhóm sản phẩm,,,JOYCAT_CAMPAIGN_3_THANG_CO_CHI_PHI_OBJECTIVE_DEMO.xlsx,Campaign_3_tháng,,Objective: human-curated hiện hành; Sản phẩm: inference_name_v0,Chưa quan sát tổ hợp trong phạm vi đã kiểm tra,Không có dòng Campaign được gắn vào tổ hợp này; không được đổi thành Ads Cost = 0.,Giữ giá trị trống; kiểm tra lại khi mapping/source thay đổi.
2026-05,Sản phẩm × Campaign objective,Sản phẩm,Vi sinh khử mùi,Campaign objective,Chưa xác định,Nhóm sản phẩm,,,JOYCAT_CAMPAIGN_3_THANG_CO_CHI_PHI_OBJECTIVE_DEMO.xlsx,Campaign_3_tháng,,Objective: human-curated hiện hành; Sản phẩm: inference_name_v0,Chưa quan sát tổ hợp trong phạm vi đã kiểm tra,Không có dòng Campaign được gắn vào tổ hợp này; không được đổi thành Ads Cost = 0.,Giữ giá trị trống; kiểm tra lại khi mapping/source thay đổi.
2026-05,Sản phẩm × Campaign objective,Sản phẩm,Cát Sắn Natural,Campaign objective,Engagement - Messaging,Nhóm sản phẩm,2,7300874,JOYCAT_CAMPAIGN_3_THANG_CO_CHI_PHI_OBJECTIVE_DEMO.xlsx,Campaign_3_tháng,"80,89",Objective: human-curated hiện hành; Sản phẩm: inference_name_v0,Tính được một phần bằng human mapping,Objective suy luận được Duy cho phép dùng; sản phẩm mới suy luận tới nhóm/ngành hàng hoặc Shared.,Giữ metadata Objective; owner duyệt product mapping hoặc xin Ads ID → Item ID/SKU.
2026-05,Sản phẩm × Campaign objective,Sản phẩm,Cát Sắn Natural,Campaign objective,Engagement - Post engagement,Nhóm sản phẩm,1,863692,JOYCAT_CAMPAIGN_3_THANG_CO_CHI_PHI_OBJECTIVE_DEMO.xlsx,Campaign_3_tháng,68,Objective: human-curated hiện hành; Sản phẩm: inference_name_v0,Tính được một phần bằng human mapping,Objective suy luận được Duy cho phép dùng; sản phẩm mới suy luận tới nhóm/ngành hàng hoặc Shared.,Giữ metadata Objective; owner duyệt product mapping hoặc xin Ads ID → Item ID/SKU.
2026-05,Sản phẩm × Campaign objective,Sản phẩm,Cát Sắn Natural,Campaign objective,Sales - Purchase,Nhóm sản phẩm,2,5671348,JOYCAT_CAMPAIGN_3_THANG_CO_CHI_PHI_OBJECTIVE_DEMO.xlsx,Campaign_3_tháng,"69,85",Objective: human-curated hiện hành; Sản phẩm: inference_name_v0,Tính được một phần bằng human mapping,Objective suy luận được Duy cho phép dùng; sản phẩm mới suy luận tới nhóm/ngành hàng hoặc Shared.,Giữ metadata Objective; owner duyệt product mapping hoặc xin Ads ID → Item ID/SKU.
2026-05,Sản phẩm × Campaign objective,Sản phẩm,Cát Sắn Natural,Campaign objective,Sales - Purchase [Suy luận từ tên Campaign],Nhóm sản phẩm,1,4026169,JOYCAT_CAMPAIGN_3_THANG_CO_CHI_PHI_OBJECTIVE_DEMO.xlsx,Campaign_3_tháng,66,Objective: human-curated hiện hành; Sản phẩm: inference_name_v0,Tính được một phần bằng human mapping,Objective suy luận được Duy cho phép dùng; sản phẩm mới suy luận tới nhóm/ngành hàng hoặc Shared.,Giữ metadata Objective; owner duyệt product mapping hoặc xin Ads ID → Item ID/SKU.
2026-05,Sản phẩm × Campaign objective,Sản phẩm,Cát Sắn Natural,Campaign objective,Awareness - Ad recall,Nhóm sản phẩm,,,JOYCAT_CAMPAIGN_3_THANG_CO_CHI_PHI_OBJECTIVE_DEMO.xlsx,Campaign_3_tháng,,Objective: human-curated hiện hành; Sản phẩm: inference_name_v0,Chưa quan sát tổ hợp trong phạm vi đã kiểm tra,Không có dòng Campaign được gắn vào tổ hợp này; không được đổi thành Ads Cost = 0.,Giữ giá trị trống; kiểm tra lại khi mapping/source thay đổi.
2026-05,Sản phẩm × Campaign objective,Sản phẩm,Cát Sắn Natural,Campaign objective,Chưa xác định,Nhóm sản phẩm,,,JOYCAT_CAMPAIGN_3_THANG_CO_CHI_PHI_OBJECTIVE_DEMO.xlsx,Campaign_3_tháng,,Objective: human-curated hiện hành; Sản phẩm: inference_name_v0,Chưa quan sát tổ hợp trong phạm vi đã kiểm tra,Không có dòng Campaign được gắn vào tổ hợp này; không được đổi thành Ads Cost = 0.,Giữ giá trị trống; kiểm tra lại khi mapping/source thay đổi.
2026-05,Sản phẩm × Campaign objective,Sản phẩm,Cát Mix PerformX,Campaign objective,Engagement - Messaging,Nhóm sản phẩm,2,8989563,JOYCAT_CAMPAIGN_3_THANG_CO_CHI_PHI_OBJECTIVE_DEMO.xlsx,Campaign_3_tháng,"76,77",Objective: human-curated hiện hành; Sản phẩm: inference_name_v0,Tính được một phần bằng human mapping,Objective suy luận được Duy cho phép dùng; sản phẩm mới suy luận tới nhóm/ngành hàng hoặc Shared.,Giữ metadata Objective; owner duyệt product mapping hoặc xin Ads ID → Item ID/SKU.
2026-05,Sản phẩm × Campaign objective,Sản phẩm,Cát Mix PerformX,Campaign objective,Engagement - Post engagement,Nhóm sản phẩm,2,273191,JOYCAT_CAMPAIGN_3_THANG_CO_CHI_PHI_OBJECTIVE_DEMO.xlsx,Campaign_3_tháng,"81,82",Objective: human-curated hiện hành; Sản phẩm: inference_name_v0,Tính được một phần bằng human mapping,Objective suy luận được Duy cho phép dùng; sản phẩm mới suy luận tới nhóm/ngành hàng hoặc Shared.,Giữ metadata Objective; owner duyệt product mapping hoặc xin Ads ID → Item ID/SKU.
2026-05,Sản phẩm × Campaign objective,Sản phẩm,Cát Mix PerformX,Campaign objective,Sales - Purchase,Nhóm sản phẩm,1,6062606,JOYCAT_CAMPAIGN_3_THANG_CO_CHI_PHI_OBJECTIVE_DEMO.xlsx,Campaign_3_tháng,70,Objective: human-curated hiện hành; Sản phẩm: inference_name_v0,Tính được một phần bằng human mapping,Objective suy luận được Duy cho phép dùng; sản phẩm mới suy luận tới nhóm/ngành hàng hoặc Shared.,Giữ metadata Objective; owner duyệt product mapping hoặc xin Ads ID → Item ID/SKU.
2026-05,Sản phẩm × Campaign objective,Sản phẩm,Cát Mix PerformX,Campaign objective,Sales - Purchase [Suy luận từ tên Campaign],Nhóm sản phẩm,1,4037808,JOYCAT_CAMPAIGN_3_THANG_CO_CHI_PHI_OBJECTIVE_DEMO.xlsx,Campaign_3_tháng,67,Objective: human-curated hiện hành; Sản phẩm: inference_name_v0,Tính được một phần bằng human mapping,Objective suy luận được Duy cho phép dùng; sản phẩm mới suy luận tới nhóm/ngành hàng hoặc Shared.,Giữ metadata Objective; owner duyệt product mapping hoặc xin Ads ID → Item ID/SKU.
2026-05,Sản phẩm × Campaign objective,Sản phẩm,Cát Mix PerformX,Campaign objective,Awareness - Ad recall,Nhóm sản phẩm,,,JOYCAT_CAMPAIGN_3_THANG_CO_CHI_PHI_OBJECTIVE_DEMO.xlsx,Campaign_3_tháng,,Objective: human-curated hiện hành; Sản phẩm: inference_name_v0,Chưa quan sát tổ hợp trong phạm vi đã kiểm tra,Không có dòng Campaign được gắn vào tổ hợp này; không được đổi thành Ads Cost = 0.,Giữ giá trị trống; kiểm tra lại khi mapping/source thay đổi.
2026-05,Sản phẩm × Campaign objective,Sản phẩm,Cát Mix PerformX,Campaign objective,Chưa xác định,Nhóm sản phẩm,1,185945,JOYCAT_CAMPAIGN_3_THANG_CO_CHI_PHI_OBJECTIVE_DEMO.xlsx,Campaign_3_tháng,75,Objective: human-curated hiện hành; Sản phẩm: inference_name_v0,Tính được một phần bằng human mapping,Objective suy luận được Duy cho phép dùng; sản phẩm mới suy luận tới nhóm/ngành hàng hoặc Shared.,Giữ metadata Objective; owner duyệt product mapping hoặc xin Ads ID → Item ID/SKU.
2026-05,Sản phẩm × Campaign objective,Sản phẩm,Cát Khoáng MineralX,Campaign objective,Engagement - Messaging,Nhóm sản phẩm,4,8174551,JOYCAT_CAMPAIGN_3_THANG_CO_CHI_PHI_OBJECTIVE_DEMO.xlsx,Campaign_3_tháng,"71,72,73,74",Objective: human-curated hiện hành; Sản phẩm: inference_name_v0,Tính được một phần bằng human mapping,Objective suy luận được Duy cho phép dùng; sản phẩm mới suy luận tới nhóm/ngành hàng hoặc Shared.,Giữ metadata Objective; owner duyệt product mapping hoặc xin Ads ID → Item ID/SKU.
2026-05,Sản phẩm × Campaign objective,Sản phẩm,Cát Khoáng MineralX,Campaign objective,Engagement - Post engagement,Nhóm sản phẩm,,,JOYCAT_CAMPAIGN_3_THANG_CO_CHI_PHI_OBJECTIVE_DEMO.xlsx,Campaign_3_tháng,,Objective: human-curated hiện hành; Sản phẩm: inference_name_v0,Chưa quan sát tổ hợp trong phạm vi đã kiểm tra,Không có dòng Campaign được gắn vào tổ hợp này; không được đổi thành Ads Cost = 0.,Giữ giá trị trống; kiểm tra lại khi mapping/source thay đổi.
2026-05,Sản phẩm × Campaign objective,Sản phẩm,Cát Khoáng MineralX,Campaign objective,Sales - Purchase,Nhóm sản phẩm,1,2498200,JOYCAT_CAMPAIGN_3_THANG_CO_CHI_PHI_OBJECTIVE_DEMO.xlsx,Campaign_3_tháng,83,Objective: human-curated hiện hành; Sản phẩm: inference_name_v0,Tính được một phần bằng human mapping,Objective suy luận được Duy cho phép dùng; sản phẩm mới suy luận tới nhóm/ngành hàng hoặc Shared.,Giữ metadata Objective; owner duyệt product mapping hoặc xin Ads ID → Item ID/SKU.
2026-05,Sản phẩm × Campaign objective,Sản phẩm,Cát Khoáng MineralX,Campaign objective,Sales - Purchase [Suy luận từ tên Campaign],Nhóm sản phẩm,,,JOYCAT_CAMPAIGN_3_THANG_CO_CHI_PHI_OBJECTIVE_DEMO.xlsx,Campaign_3_tháng,,Objective: human-curated hiện hành; Sản phẩm: inference_name_v0,Chưa quan sát tổ hợp trong phạm vi đã kiểm tra,Không có dòng Campaign được gắn vào tổ hợp này; không được đổi thành Ads Cost = 0.,Giữ giá trị trống; kiểm tra lại khi mapping/source thay đổi.
2026-05,Sản phẩm × Campaign objective,Sản phẩm,Cát Khoáng MineralX,Campaign objective,Awareness - Ad recall,Nhóm sản phẩm,,,JOYCAT_CAMPAIGN_3_THANG_CO_CHI_PHI_OBJECTIVE_DEMO.xlsx,Campaign_3_tháng,,Objective: human-curated hiện hành; Sản phẩm: inference_name_v0,Chưa quan sát tổ hợp trong phạm vi đã kiểm tra,Không có dòng Campaign được gắn vào tổ hợp này; không được đổi thành Ads Cost = 0.,Giữ giá trị trống; kiểm tra lại khi mapping/source thay đổi.
2026-05,Sản phẩm × Campaign objective,Sản phẩm,Cát Khoáng MineralX,Campaign objective,Chưa xác định,Nhóm sản phẩm,,,JOYCAT_CAMPAIGN_3_THANG_CO_CHI_PHI_OBJECTIVE_DEMO.xlsx,Campaign_3_tháng,,Objective: human-curated hiện hành; Sản phẩm: inference_name_v0,Chưa quan sát tổ hợp trong phạm vi đã kiểm tra,Không có dòng Campaign được gắn vào tổ hợp này; không được đổi thành Ads Cost = 0.,Giữ giá trị trống; kiểm tra lại khi mapping/source thay đổi.
2026-05,Sản phẩm × Campaign objective,Sản phẩm,Cát Đậu Nành Mix Khoáng PowerX,Campaign objective,Engagement - Messaging,Nhóm sản phẩm,,,JOYCAT_CAMPAIGN_3_THANG_CO_CHI_PHI_OBJECTIVE_DEMO.xlsx,Campaign_3_tháng,,Objective: human-curated hiện hành; Sản phẩm: inference_name_v0,Chưa quan sát tổ hợp trong phạm vi đã kiểm tra,Không có dòng Campaign được gắn vào tổ hợp này; không được đổi thành Ads Cost = 0.,Giữ giá trị trống; kiểm tra lại khi mapping/source thay đổi.
2026-05,Sản phẩm × Campaign objective,Sản phẩm,Cát Đậu Nành Mix Khoáng PowerX,Campaign objective,Engagement - Post engagement,Nhóm sản phẩm,,,JOYCAT_CAMPAIGN_3_THANG_CO_CHI_PHI_OBJECTIVE_DEMO.xlsx,Campaign_3_tháng,,Objective: human-curated hiện hành; Sản phẩm: inference_name_v0,Chưa quan sát tổ hợp trong phạm vi đã kiểm tra,Không có dòng Campaign được gắn vào tổ hợp này; không được đổi thành Ads Cost = 0.,Giữ giá trị trống; kiểm tra lại khi mapping/source thay đổi.
2026-05,Sản phẩm × Campaign objective,Sản phẩm,Cát Đậu Nành Mix Khoáng PowerX,Campaign objective,Sales - Purchase,Nhóm sản phẩm,,,JOYCAT_CAMPAIGN_3_THANG_CO_CHI_PHI_OBJECTIVE_DEMO.xlsx,Campaign_3_tháng,,Objective: human-curated hiện hành; Sản phẩm: inference_name_v0,Chưa quan sát tổ hợp trong phạm vi đã kiểm tra,Không có dòng Campaign được gắn vào tổ hợp này; không được đổi thành Ads Cost = 0.,Giữ giá trị trống; kiểm tra lại khi mapping/source thay đổi.
2026-05,Sản phẩm × Campaign objective,Sản phẩm,Cát Đậu Nành Mix Khoáng PowerX,Campaign objective,Sales - Purchase [Suy luận từ tên Campaign],Nhóm sản phẩm,,,JOYCAT_CAMPAIGN_3_THANG_CO_CHI_PHI_OBJECTIVE_DEMO.xlsx,Campaign_3_tháng,,Objective: human-curated hiện hành; Sản phẩm: inference_name_v0,Chưa quan sát tổ hợp trong phạm vi đã kiểm tra,Không có dòng Campaign được gắn vào tổ hợp này; không được đổi thành Ads Cost = 0.,Giữ giá trị trống; kiểm tra lại khi mapping/source thay đổi.
2026-05,Sản phẩm × Campaign objective,Sản phẩm,Cát Đậu Nành Mix Khoáng PowerX,Campaign objective,Awareness - Ad recall,Nhóm sản phẩm,,,JOYCAT_CAMPAIGN_3_THANG_CO_CHI_PHI_OBJECTIVE_DEMO.xlsx,Campaign_3_tháng,,Objective: human-curated hiện hành; Sản phẩm: inference_name_v0,Chưa quan sát tổ hợp trong phạm vi đã kiểm tra,Không có dòng Campaign được gắn vào tổ hợp này; không được đổi thành Ads Cost = 0.,Giữ giá trị trống; kiểm tra lại khi mapping/source thay đổi.
2026-05,Sản phẩm × Campaign objective,Sản phẩm,Cát Đậu Nành Mix Khoáng PowerX,Campaign objective,Chưa xác định,Nhóm sản phẩm,,,JOYCAT_CAMPAIGN_3_THANG_CO_CHI_PHI_OBJECTIVE_DEMO.xlsx,Campaign_3_tháng,,Objective: human-curated hiện hành; Sản phẩm: inference_name_v0,Chưa quan sát tổ hợp trong phạm vi đã kiểm tra,Không có dòng Campaign được gắn vào tổ hợp này; không được đổi thành Ads Cost = 0.,Giữ giá trị trống; kiểm tra lại khi mapping/source thay đổi.
2026-05,Sản phẩm × Campaign objective,Sản phẩm,Cát Sắn Mix Đậu Nành Tofuu.X,Campaign objective,Engagement - Messaging,Nhóm sản phẩm,,,JOYCAT_CAMPAIGN_3_THANG_CO_CHI_PHI_OBJECTIVE_DEMO.xlsx,Campaign_3_tháng,,Objective: human-curated hiện hành; Sản phẩm: inference_name_v0,Chưa quan sát tổ hợp trong phạm vi đã kiểm tra,Không có dòng Campaign được gắn vào tổ hợp này; không được đổi thành Ads Cost = 0.,Giữ giá trị trống; kiểm tra lại khi mapping/source thay đổi.
2026-05,Sản phẩm × Campaign objective,Sản phẩm,Cát Sắn Mix Đậu Nành Tofuu.X,Campaign objective,Engagement - Post engagement,Nhóm sản phẩm,,,JOYCAT_CAMPAIGN_3_THANG_CO_CHI_PHI_OBJECTIVE_DEMO.xlsx,Campaign_3_tháng,,Objective: human-curated hiện hành; Sản phẩm: inference_name_v0,Chưa quan sát tổ hợp trong phạm vi đã kiểm tra,Không có dòng Campaign được gắn vào tổ hợp này; không được đổi thành Ads Cost = 0.,Giữ giá trị trống; kiểm tra lại khi mapping/source thay đổi.
2026-05,Sản phẩm × Campaign objective,Sản phẩm,Cát Sắn Mix Đậu Nành Tofuu.X,Campaign objective,Sales - Purchase,Nhóm sản phẩm,,,JOYCAT_CAMPAIGN_3_THANG_CO_CHI_PHI_OBJECTIVE_DEMO.xlsx,Campaign_3_tháng,,Objective: human-curated hiện hành; Sản phẩm: inference_name_v0,Chưa quan sát tổ hợp trong phạm vi đã kiểm tra,Không có dòng Campaign được gắn vào tổ hợp này; không được đổi thành Ads Cost = 0.,Giữ giá trị trống; kiểm tra lại khi mapping/source thay đổi.
2026-05,Sản phẩm × Campaign objective,Sản phẩm,Cát Sắn Mix Đậu Nành Tofuu.X,Campaign objective,Sales - Purchase [Suy luận từ tên Campaign],Nhóm sản phẩm,,,JOYCAT_CAMPAIGN_3_THANG_CO_CHI_PHI_OBJECTIVE_DEMO.xlsx,Campaign_3_tháng,,Objective: human-curated hiện hành; Sản phẩm: inference_name_v0,Chưa quan sát tổ hợp trong phạm vi đã kiểm tra,Không có dòng Campaign được gắn vào tổ hợp này; không được đổi thành Ads Cost = 0.,Giữ giá trị trống; kiểm tra lại khi mapping/source thay đổi.
2026-05,Sản phẩm × Campaign objective,Sản phẩm,Cát Sắn Mix Đậu Nành Tofuu.X,Campaign objective,Awareness - Ad recall,Nhóm sản phẩm,,,JOYCAT_CAMPAIGN_3_THANG_CO_CHI_PHI_OBJECTIVE_DEMO.xlsx,Campaign_3_tháng,,Objective: human-curated hiện hành; Sản phẩm: inference_name_v0,Chưa quan sát tổ hợp trong phạm vi đã kiểm tra,Không có dòng Campaign được gắn vào tổ hợp này; không được đổi thành Ads Cost = 0.,Giữ giá trị trống; kiểm tra lại khi mapping/source thay đổi.
2026-05,Sản phẩm × Campaign objective,Sản phẩm,Cát Sắn Mix Đậu Nành Tofuu.X,Campaign objective,Chưa xác định,Nhóm sản phẩm,,,JOYCAT_CAMPAIGN_3_THANG_CO_CHI_PHI_OBJECTIVE_DEMO.xlsx,Campaign_3_tháng,,Objective: human-curated hiện hành; Sản phẩm: inference_name_v0,Chưa quan sát tổ hợp trong phạm vi đã kiểm tra,Không có dòng Campaign được gắn vào tổ hợp này; không được đổi thành Ads Cost = 0.,Giữ giá trị trống; kiểm tra lại khi mapping/source thay đổi.
2026-05,Sản phẩm × Campaign objective,Sản phẩm,Cát nói chung,Campaign objective,Engagement - Messaging,Ngành hàng,1,4829521,JOYCAT_CAMPAIGN_3_THANG_CO_CHI_PHI_OBJECTIVE_DEMO.xlsx,Campaign_3_tháng,65,Objective: human-curated hiện hành; Sản phẩm: inference_name_v0,Tính được một phần bằng human mapping,Objective suy luận được Duy cho phép dùng; sản phẩm mới suy luận tới nhóm/ngành hàng hoặc Shared.,Giữ metadata Objective; owner duyệt product mapping hoặc xin Ads ID → Item ID/SKU.
2026-05,Sản phẩm × Campaign objective,Sản phẩm,Cát nói chung,Campaign objective,Engagement - Post engagement,Ngành hàng,,,JOYCAT_CAMPAIGN_3_THANG_CO_CHI_PHI_OBJECTIVE_DEMO.xlsx,Campaign_3_tháng,,Objective: human-curated hiện hành; Sản phẩm: inference_name_v0,Chưa quan sát tổ hợp trong phạm vi đã kiểm tra,Không có dòng Campaign được gắn vào tổ hợp này; không được đổi thành Ads Cost = 0.,Giữ giá trị trống; kiểm tra lại khi mapping/source thay đổi.
2026-05,Sản phẩm × Campaign objective,Sản phẩm,Cát nói chung,Campaign objective,Sales - Purchase,Ngành hàng,,,JOYCAT_CAMPAIGN_3_THANG_CO_CHI_PHI_OBJECTIVE_DEMO.xlsx,Campaign_3_tháng,,Objective: human-curated hiện hành; Sản phẩm: inference_name_v0,Chưa quan sát tổ hợp trong phạm vi đã kiểm tra,Không có dòng Campaign được gắn vào tổ hợp này; không được đổi thành Ads Cost = 0.,Giữ giá trị trống; kiểm tra lại khi mapping/source thay đổi.
2026-05,Sản phẩm × Campaign objective,Sản phẩm,Cát nói chung,Campaign objective,Sales - Purchase [Suy luận từ tên Campaign],Ngành hàng,,,JOYCAT_CAMPAIGN_3_THANG_CO_CHI_PHI_OBJECTIVE_DEMO.xlsx,Campaign_3_tháng,,Objective: human-curated hiện hành; Sản phẩm: inference_name_v0,Chưa quan sát tổ hợp trong phạm vi đã kiểm tra,Không có dòng Campaign được gắn vào tổ hợp này; không được đổi thành Ads Cost = 0.,Giữ giá trị trống; kiểm tra lại khi mapping/source thay đổi.
2026-05,Sản phẩm × Campaign objective,Sản phẩm,Cát nói chung,Campaign objective,Awareness - Ad recall,Ngành hàng,,,JOYCAT_CAMPAIGN_3_THANG_CO_CHI_PHI_OBJECTIVE_DEMO.xlsx,Campaign_3_tháng,,Objective: human-curated hiện hành; Sản phẩm: inference_name_v0,Chưa quan sát tổ hợp trong phạm vi đã kiểm tra,Không có dòng Campaign được gắn vào tổ hợp này; không được đổi thành Ads Cost = 0.,Giữ giá trị trống; kiểm tra lại khi mapping/source thay đổi.
2026-05,Sản phẩm × Campaign objective,Sản phẩm,Cát nói chung,Campaign objective,Chưa xác định,Ngành hàng,,,JOYCAT_CAMPAIGN_3_THANG_CO_CHI_PHI_OBJECTIVE_DEMO.xlsx,Campaign_3_tháng,,Objective: human-curated hiện hành; Sản phẩm: inference_name_v0,Chưa quan sát tổ hợp trong phạm vi đã kiểm tra,Không có dòng Campaign được gắn vào tổ hợp này; không được đổi thành Ads Cost = 0.,Giữ giá trị trống; kiểm tra lại khi mapping/source thay đổi.
2026-05,Sản phẩm × Campaign objective,Sản phẩm,Shared/Unmapped,Campaign objective,Engagement - Messaging,Shared/Unmapped,2,3150289,JOYCAT_CAMPAIGN_3_THANG_CO_CHI_PHI_OBJECTIVE_DEMO.xlsx,Campaign_3_tháng,"78,79",Objective: human-curated hiện hành; Sản phẩm: inference_name_v0,Tính được một phần bằng human mapping,Objective suy luận được Duy cho phép dùng; sản phẩm mới suy luận tới nhóm/ngành hàng hoặc Shared.,Giữ metadata Objective; owner duyệt product mapping hoặc xin Ads ID → Item ID/SKU.
2026-05,Sản phẩm × Campaign objective,Sản phẩm,Shared/Unmapped,Campaign objective,Engagement - Post engagement,Shared/Unmapped,,,JOYCAT_CAMPAIGN_3_THANG_CO_CHI_PHI_OBJECTIVE_DEMO.xlsx,Campaign_3_tháng,,Objective: human-curated hiện hành; Sản phẩm: inference_name_v0,Chưa quan sát tổ hợp trong phạm vi đã kiểm tra,Không có dòng Campaign được gắn vào tổ hợp này; không được đổi thành Ads Cost = 0.,Giữ giá trị trống; kiểm tra lại khi mapping/source thay đổi.
2026-05,Sản phẩm × Campaign objective,Sản phẩm,Shared/Unmapped,Campaign objective,Sales - Purchase,Shared/Unmapped,,,JOYCAT_CAMPAIGN_3_THANG_CO_CHI_PHI_OBJECTIVE_DEMO.xlsx,Campaign_3_tháng,,Objective: human-curated hiện hành; Sản phẩm: inference_name_v0,Chưa quan sát tổ hợp trong phạm vi đã kiểm tra,Không có dòng Campaign được gắn vào tổ hợp này; không được đổi thành Ads Cost = 0.,Giữ giá trị trống; kiểm tra lại khi mapping/source thay đổi.
2026-05,Sản phẩm × Campaign objective,Sản phẩm,Shared/Unmapped,Campaign objective,Sales - Purchase [Suy luận từ tên Campaign],Shared/Unmapped,,,JOYCAT_CAMPAIGN_3_THANG_CO_CHI_PHI_OBJECTIVE_DEMO.xlsx,Campaign_3_tháng,,Objective: human-curated hiện hành; Sản phẩm: inference_name_v0,Chưa quan sát tổ hợp trong phạm vi đã kiểm tra,Không có dòng Campaign được gắn vào tổ hợp này; không được đổi thành Ads Cost = 0.,Giữ giá trị trống; kiểm tra lại khi mapping/source thay đổi.
2026-05,Sản phẩm × Campaign objective,Sản phẩm,Shared/Unmapped,Campaign objective,Awareness - Ad recall,Shared/Unmapped,1,143690,JOYCAT_CAMPAIGN_3_THANG_CO_CHI_PHI_OBJECTIVE_DEMO.xlsx,Campaign_3_tháng,84,Objective: human-curated hiện hành; Sản phẩm: inference_name_v0,Tính được một phần bằng human mapping,Objective suy luận được Duy cho phép dùng; sản phẩm mới suy luận tới nhóm/ngành hàng hoặc Shared.,Giữ metadata Objective; owner duyệt product mapping hoặc xin Ads ID → Item ID/SKU.
2026-05,Sản phẩm × Campaign objective,Sản phẩm,Shared/Unmapped,Campaign objective,Chưa xác định,Shared/Unmapped,,,JOYCAT_CAMPAIGN_3_THANG_CO_CHI_PHI_OBJECTIVE_DEMO.xlsx,Campaign_3_tháng,,Objective: human-curated hiện hành; Sản phẩm: inference_name_v0,Chưa quan sát tổ hợp trong phạm vi đã kiểm tra,Không có dòng Campaign được gắn vào tổ hợp này; không được đổi thành Ads Cost = 0.,Giữ giá trị trống; kiểm tra lại khi mapping/source thay đổi.
2026-03,Phễu × Campaign objective,Phễu,TOFU,Campaign objective,Engagement - Messaging,,,,JOYCAT_CAMPAIGN_3_THANG_CO_CHI_PHI_OBJECTIVE_DEMO.xlsx,Campaign_3_tháng,,Objective: human-curated hiện hành; Phễu: chưa khóa,Chưa quan sát tổ hợp trong phạm vi đã kiểm tra,Không có dòng Campaign được gắn vào tổ hợp này; không được đổi thành Ads Cost = 0.,Giữ giá trị trống; kiểm tra lại khi mapping/source thay đổi.
2026-03,Phễu × Campaign objective,Phễu,TOFU,Campaign objective,Engagement - Post engagement,,6,4713691,JOYCAT_CAMPAIGN_3_THANG_CO_CHI_PHI_OBJECTIVE_DEMO.xlsx,Campaign_3_tháng,"8,12,15,17,22,23",Objective: human-curated hiện hành; Phễu: chưa khóa,Tính được bằng human mapping,Phễu và Objective suy luận nằm trên cùng dòng Campaign có spend.,Khóa rule/version/owner Phễu; giữ basis/version/reviewer của Objective.
2026-03,Phễu × Campaign objective,Phễu,TOFU,Campaign objective,Sales - Purchase,,,,JOYCAT_CAMPAIGN_3_THANG_CO_CHI_PHI_OBJECTIVE_DEMO.xlsx,Campaign_3_tháng,,Objective: human-curated hiện hành; Phễu: chưa khóa,Chưa quan sát tổ hợp trong phạm vi đã kiểm tra,Không có dòng Campaign được gắn vào tổ hợp này; không được đổi thành Ads Cost = 0.,Giữ giá trị trống; kiểm tra lại khi mapping/source thay đổi.
2026-03,Phễu × Campaign objective,Phễu,TOFU,Campaign objective,Sales - Purchase [Suy luận từ tên Campaign],,,,JOYCAT_CAMPAIGN_3_THANG_CO_CHI_PHI_OBJECTIVE_DEMO.xlsx,Campaign_3_tháng,,Objective: human-curated hiện hành; Phễu: chưa khóa,Chưa quan sát tổ hợp trong phạm vi đã kiểm tra,Không có dòng Campaign được gắn vào tổ hợp này; không được đổi thành Ads Cost = 0.,Giữ giá trị trống; kiểm tra lại khi mapping/source thay đổi.
2026-03,Phễu × Campaign objective,Phễu,TOFU,Campaign objective,Awareness - Ad recall,,,,JOYCAT_CAMPAIGN_3_THANG_CO_CHI_PHI_OBJECTIVE_DEMO.xlsx,Campaign_3_tháng,,Objective: human-curated hiện hành; Phễu: chưa khóa,Chưa quan sát tổ hợp trong phạm vi đã kiểm tra,Không có dòng Campaign được gắn vào tổ hợp này; không được đổi thành Ads Cost = 0.,Giữ giá trị trống; kiểm tra lại khi mapping/source thay đổi.
2026-03,Phễu × Campaign objective,Phễu,TOFU,Campaign objective,Chưa xác định,,,,JOYCAT_CAMPAIGN_3_THANG_CO_CHI_PHI_OBJECTIVE_DEMO.xlsx,Campaign_3_tháng,,Objective: human-curated hiện hành; Phễu: chưa khóa,Chưa quan sát tổ hợp trong phạm vi đã kiểm tra,Không có dòng Campaign được gắn vào tổ hợp này; không được đổi thành Ads Cost = 0.,Giữ giá trị trống; kiểm tra lại khi mapping/source thay đổi.
2026-03,Phễu × Campaign objective,Phễu,MOFU,Campaign objective,Engagement - Messaging,,10,36465653,JOYCAT_CAMPAIGN_3_THANG_CO_CHI_PHI_OBJECTIVE_DEMO.xlsx,Campaign_3_tháng,"6,7,9,10,11,14,16,18,19,21",Objective: human-curated hiện hành; Phễu: chưa khóa,Tính được bằng human mapping,Phễu và Objective suy luận nằm trên cùng dòng Campaign có spend.,Khóa rule/version/owner Phễu; giữ basis/version/reviewer của Objective.
2026-03,Phễu × Campaign objective,Phễu,MOFU,Campaign objective,Engagement - Post engagement,,,,JOYCAT_CAMPAIGN_3_THANG_CO_CHI_PHI_OBJECTIVE_DEMO.xlsx,Campaign_3_tháng,,Objective: human-curated hiện hành; Phễu: chưa khóa,Chưa quan sát tổ hợp trong phạm vi đã kiểm tra,Không có dòng Campaign được gắn vào tổ hợp này; không được đổi thành Ads Cost = 0.,Giữ giá trị trống; kiểm tra lại khi mapping/source thay đổi.
2026-03,Phễu × Campaign objective,Phễu,MOFU,Campaign objective,Sales - Purchase,,,,JOYCAT_CAMPAIGN_3_THANG_CO_CHI_PHI_OBJECTIVE_DEMO.xlsx,Campaign_3_tháng,,Objective: human-curated hiện hành; Phễu: chưa khóa,Chưa quan sát tổ hợp trong phạm vi đã kiểm tra,Không có dòng Campaign được gắn vào tổ hợp này; không được đổi thành Ads Cost = 0.,Giữ giá trị trống; kiểm tra lại khi mapping/source thay đổi.
2026-03,Phễu × Campaign objective,Phễu,MOFU,Campaign objective,Sales - Purchase [Suy luận từ tên Campaign],,,,JOYCAT_CAMPAIGN_3_THANG_CO_CHI_PHI_OBJECTIVE_DEMO.xlsx,Campaign_3_tháng,,Objective: human-curated hiện hành; Phễu: chưa khóa,Chưa quan sát tổ hợp trong phạm vi đã kiểm tra,Không có dòng Campaign được gắn vào tổ hợp này; không được đổi thành Ads Cost = 0.,Giữ giá trị trống; kiểm tra lại khi mapping/source thay đổi.
2026-03,Phễu × Campaign objective,Phễu,MOFU,Campaign objective,Awareness - Ad recall,,,,JOYCAT_CAMPAIGN_3_THANG_CO_CHI_PHI_OBJECTIVE_DEMO.xlsx,Campaign_3_tháng,,Objective: human-curated hiện hành; Phễu: chưa khóa,Chưa quan sát tổ hợp trong phạm vi đã kiểm tra,Không có dòng Campaign được gắn vào tổ hợp này; không được đổi thành Ads Cost = 0.,Giữ giá trị trống; kiểm tra lại khi mapping/source thay đổi.
2026-03,Phễu × Campaign objective,Phễu,MOFU,Campaign objective,Chưa xác định,,,,JOYCAT_CAMPAIGN_3_THANG_CO_CHI_PHI_OBJECTIVE_DEMO.xlsx,Campaign_3_tháng,,Objective: human-curated hiện hành; Phễu: chưa khóa,Chưa quan sát tổ hợp trong phạm vi đã kiểm tra,Không có dòng Campaign được gắn vào tổ hợp này; không được đổi thành Ads Cost = 0.,Giữ giá trị trống; kiểm tra lại khi mapping/source thay đổi.
2026-03,Phễu × Campaign objective,Phễu,BOFU,Campaign objective,Engagement - Messaging,,2,9016348,JOYCAT_CAMPAIGN_3_THANG_CO_CHI_PHI_OBJECTIVE_DEMO.xlsx,Campaign_3_tháng,"13,20",Objective: human-curated hiện hành; Phễu: chưa khóa,Tính được bằng human mapping,Phễu và Objective suy luận nằm trên cùng dòng Campaign có spend.,Khóa rule/version/owner Phễu; giữ basis/version/reviewer của Objective.
2026-03,Phễu × Campaign objective,Phễu,BOFU,Campaign objective,Engagement - Post engagement,,,,JOYCAT_CAMPAIGN_3_THANG_CO_CHI_PHI_OBJECTIVE_DEMO.xlsx,Campaign_3_tháng,,Objective: human-curated hiện hành; Phễu: chưa khóa,Chưa quan sát tổ hợp trong phạm vi đã kiểm tra,Không có dòng Campaign được gắn vào tổ hợp này; không được đổi thành Ads Cost = 0.,Giữ giá trị trống; kiểm tra lại khi mapping/source thay đổi.
2026-03,Phễu × Campaign objective,Phễu,BOFU,Campaign objective,Sales - Purchase,,,,JOYCAT_CAMPAIGN_3_THANG_CO_CHI_PHI_OBJECTIVE_DEMO.xlsx,Campaign_3_tháng,,Objective: human-curated hiện hành; Phễu: chưa khóa,Chưa quan sát tổ hợp trong phạm vi đã kiểm tra,Không có dòng Campaign được gắn vào tổ hợp này; không được đổi thành Ads Cost = 0.,Giữ giá trị trống; kiểm tra lại khi mapping/source thay đổi.
2026-03,Phễu × Campaign objective,Phễu,BOFU,Campaign objective,Sales - Purchase [Suy luận từ tên Campaign],,,,JOYCAT_CAMPAIGN_3_THANG_CO_CHI_PHI_OBJECTIVE_DEMO.xlsx,Campaign_3_tháng,,Objective: human-curated hiện hành; Phễu: chưa khóa,Chưa quan sát tổ hợp trong phạm vi đã kiểm tra,Không có dòng Campaign được gắn vào tổ hợp này; không được đổi thành Ads Cost = 0.,Giữ giá trị trống; kiểm tra lại khi mapping/source thay đổi.
2026-03,Phễu × Campaign objective,Phễu,BOFU,Campaign objective,Awareness - Ad recall,,,,JOYCAT_CAMPAIGN_3_THANG_CO_CHI_PHI_OBJECTIVE_DEMO.xlsx,Campaign_3_tháng,,Objective: human-curated hiện hành; Phễu: chưa khóa,Chưa quan sát tổ hợp trong phạm vi đã kiểm tra,Không có dòng Campaign được gắn vào tổ hợp này; không được đổi thành Ads Cost = 0.,Giữ giá trị trống; kiểm tra lại khi mapping/source thay đổi.
2026-03,Phễu × Campaign objective,Phễu,BOFU,Campaign objective,Chưa xác định,,,,JOYCAT_CAMPAIGN_3_THANG_CO_CHI_PHI_OBJECTIVE_DEMO.xlsx,Campaign_3_tháng,,Objective: human-curated hiện hành; Phễu: chưa khóa,Chưa quan sát tổ hợp trong phạm vi đã kiểm tra,Không có dòng Campaign được gắn vào tổ hợp này; không được đổi thành Ads Cost = 0.,Giữ giá trị trống; kiểm tra lại khi mapping/source thay đổi.
2026-04,Phễu × Campaign objective,Phễu,TOFU,Campaign objective,Engagement - Messaging,,,,JOYCAT_CAMPAIGN_3_THANG_CO_CHI_PHI_OBJECTIVE_DEMO.xlsx,Campaign_3_tháng,,Objective: human-curated hiện hành; Phễu: chưa khóa,Chưa quan sát tổ hợp trong phạm vi đã kiểm tra,Không có dòng Campaign được gắn vào tổ hợp này; không được đổi thành Ads Cost = 0.,Giữ giá trị trống; kiểm tra lại khi mapping/source thay đổi.
2026-04,Phễu × Campaign objective,Phễu,TOFU,Campaign objective,Engagement - Post engagement,,15,4609411,JOYCAT_CAMPAIGN_3_THANG_CO_CHI_PHI_OBJECTIVE_DEMO.xlsx,Campaign_3_tháng,"26,32,33,34,35,41,42,43,44,45,47,51,54,56,62",Objective: human-curated hiện hành; Phễu: chưa khóa,Tính được bằng human mapping,Phễu và Objective suy luận nằm trên cùng dòng Campaign có spend.,Khóa rule/version/owner Phễu; giữ basis/version/reviewer của Objective.
2026-04,Phễu × Campaign objective,Phễu,TOFU,Campaign objective,Sales - Purchase,,,,JOYCAT_CAMPAIGN_3_THANG_CO_CHI_PHI_OBJECTIVE_DEMO.xlsx,Campaign_3_tháng,,Objective: human-curated hiện hành; Phễu: chưa khóa,Chưa quan sát tổ hợp trong phạm vi đã kiểm tra,Không có dòng Campaign được gắn vào tổ hợp này; không được đổi thành Ads Cost = 0.,Giữ giá trị trống; kiểm tra lại khi mapping/source thay đổi.
2026-04,Phễu × Campaign objective,Phễu,TOFU,Campaign objective,Sales - Purchase [Suy luận từ tên Campaign],,,,JOYCAT_CAMPAIGN_3_THANG_CO_CHI_PHI_OBJECTIVE_DEMO.xlsx,Campaign_3_tháng,,Objective: human-curated hiện hành; Phễu: chưa khóa,Chưa quan sát tổ hợp trong phạm vi đã kiểm tra,Không có dòng Campaign được gắn vào tổ hợp này; không được đổi thành Ads Cost = 0.,Giữ giá trị trống; kiểm tra lại khi mapping/source thay đổi.
2026-04,Phễu × Campaign objective,Phễu,TOFU,Campaign objective,Awareness - Ad recall,,,,JOYCAT_CAMPAIGN_3_THANG_CO_CHI_PHI_OBJECTIVE_DEMO.xlsx,Campaign_3_tháng,,Objective: human-curated hiện hành; Phễu: chưa khóa,Chưa quan sát tổ hợp trong phạm vi đã kiểm tra,Không có dòng Campaign được gắn vào tổ hợp này; không được đổi thành Ads Cost = 0.,Giữ giá trị trống; kiểm tra lại khi mapping/source thay đổi.
2026-04,Phễu × Campaign objective,Phễu,TOFU,Campaign objective,Chưa xác định,,,,JOYCAT_CAMPAIGN_3_THANG_CO_CHI_PHI_OBJECTIVE_DEMO.xlsx,Campaign_3_tháng,,Objective: human-curated hiện hành; Phễu: chưa khóa,Chưa quan sát tổ hợp trong phạm vi đã kiểm tra,Không có dòng Campaign được gắn vào tổ hợp này; không được đổi thành Ads Cost = 0.,Giữ giá trị trống; kiểm tra lại khi mapping/source thay đổi.
2026-04,Phễu × Campaign objective,Phễu,MOFU,Campaign objective,Engagement - Messaging,,23,52493761,JOYCAT_CAMPAIGN_3_THANG_CO_CHI_PHI_OBJECTIVE_DEMO.xlsx,Campaign_3_tháng,"24,25,27,28,29,30,31,37,38,39,40,46,48,49,50,53,55,57,58,59,60,63,64",Objective: human-curated hiện hành; Phễu: chưa khóa,Tính được bằng human mapping,Phễu và Objective suy luận nằm trên cùng dòng Campaign có spend.,Khóa rule/version/owner Phễu; giữ basis/version/reviewer của Objective.
2026-04,Phễu × Campaign objective,Phễu,MOFU,Campaign objective,Engagement - Post engagement,,,,JOYCAT_CAMPAIGN_3_THANG_CO_CHI_PHI_OBJECTIVE_DEMO.xlsx,Campaign_3_tháng,,Objective: human-curated hiện hành; Phễu: chưa khóa,Chưa quan sát tổ hợp trong phạm vi đã kiểm tra,Không có dòng Campaign được gắn vào tổ hợp này; không được đổi thành Ads Cost = 0.,Giữ giá trị trống; kiểm tra lại khi mapping/source thay đổi.
2026-04,Phễu × Campaign objective,Phễu,MOFU,Campaign objective,Sales - Purchase,,,,JOYCAT_CAMPAIGN_3_THANG_CO_CHI_PHI_OBJECTIVE_DEMO.xlsx,Campaign_3_tháng,,Objective: human-curated hiện hành; Phễu: chưa khóa,Chưa quan sát tổ hợp trong phạm vi đã kiểm tra,Không có dòng Campaign được gắn vào tổ hợp này; không được đổi thành Ads Cost = 0.,Giữ giá trị trống; kiểm tra lại khi mapping/source thay đổi.
2026-04,Phễu × Campaign objective,Phễu,MOFU,Campaign objective,Sales - Purchase [Suy luận từ tên Campaign],,,,JOYCAT_CAMPAIGN_3_THANG_CO_CHI_PHI_OBJECTIVE_DEMO.xlsx,Campaign_3_tháng,,Objective: human-curated hiện hành; Phễu: chưa khóa,Chưa quan sát tổ hợp trong phạm vi đã kiểm tra,Không có dòng Campaign được gắn vào tổ hợp này; không được đổi thành Ads Cost = 0.,Giữ giá trị trống; kiểm tra lại khi mapping/source thay đổi.
2026-04,Phễu × Campaign objective,Phễu,MOFU,Campaign objective,Awareness - Ad recall,,,,JOYCAT_CAMPAIGN_3_THANG_CO_CHI_PHI_OBJECTIVE_DEMO.xlsx,Campaign_3_tháng,,Objective: human-curated hiện hành; Phễu: chưa khóa,Chưa quan sát tổ hợp trong phạm vi đã kiểm tra,Không có dòng Campaign được gắn vào tổ hợp này; không được đổi thành Ads Cost = 0.,Giữ giá trị trống; kiểm tra lại khi mapping/source thay đổi.
2026-04,Phễu × Campaign objective,Phễu,MOFU,Campaign objective,Chưa xác định,,1,242058,JOYCAT_CAMPAIGN_3_THANG_CO_CHI_PHI_OBJECTIVE_DEMO.xlsx,Campaign_3_tháng,36,Objective: human-curated hiện hành; Phễu: chưa khóa,Tính được bằng human mapping,Phễu và Objective suy luận nằm trên cùng dòng Campaign có spend.,Khóa rule/version/owner Phễu; giữ basis/version/reviewer của Objective.
2026-04,Phễu × Campaign objective,Phễu,BOFU,Campaign objective,Engagement - Messaging,,2,7489327,JOYCAT_CAMPAIGN_3_THANG_CO_CHI_PHI_OBJECTIVE_DEMO.xlsx,Campaign_3_tháng,"52,61",Objective: human-curated hiện hành; Phễu: chưa khóa,Tính được bằng human mapping,Phễu và Objective suy luận nằm trên cùng dòng Campaign có spend.,Khóa rule/version/owner Phễu; giữ basis/version/reviewer của Objective.
2026-04,Phễu × Campaign objective,Phễu,BOFU,Campaign objective,Engagement - Post engagement,,,,JOYCAT_CAMPAIGN_3_THANG_CO_CHI_PHI_OBJECTIVE_DEMO.xlsx,Campaign_3_tháng,,Objective: human-curated hiện hành; Phễu: chưa khóa,Chưa quan sát tổ hợp trong phạm vi đã kiểm tra,Không có dòng Campaign được gắn vào tổ hợp này; không được đổi thành Ads Cost = 0.,Giữ giá trị trống; kiểm tra lại khi mapping/source thay đổi.
2026-04,Phễu × Campaign objective,Phễu,BOFU,Campaign objective,Sales - Purchase,,,,JOYCAT_CAMPAIGN_3_THANG_CO_CHI_PHI_OBJECTIVE_DEMO.xlsx,Campaign_3_tháng,,Objective: human-curated hiện hành; Phễu: chưa khóa,Chưa quan sát tổ hợp trong phạm vi đã kiểm tra,Không có dòng Campaign được gắn vào tổ hợp này; không được đổi thành Ads Cost = 0.,Giữ giá trị trống; kiểm tra lại khi mapping/source thay đổi.
2026-04,Phễu × Campaign objective,Phễu,BOFU,Campaign objective,Sales - Purchase [Suy luận từ tên Campaign],,,,JOYCAT_CAMPAIGN_3_THANG_CO_CHI_PHI_OBJECTIVE_DEMO.xlsx,Campaign_3_tháng,,Objective: human-curated hiện hành; Phễu: chưa khóa,Chưa quan sát tổ hợp trong phạm vi đã kiểm tra,Không có dòng Campaign được gắn vào tổ hợp này; không được đổi thành Ads Cost = 0.,Giữ giá trị trống; kiểm tra lại khi mapping/source thay đổi.
2026-04,Phễu × Campaign objective,Phễu,BOFU,Campaign objective,Awareness - Ad recall,,,,JOYCAT_CAMPAIGN_3_THANG_CO_CHI_PHI_OBJECTIVE_DEMO.xlsx,Campaign_3_tháng,,Objective: human-curated hiện hành; Phễu: chưa khóa,Chưa quan sát tổ hợp trong phạm vi đã kiểm tra,Không có dòng Campaign được gắn vào tổ hợp này; không được đổi thành Ads Cost = 0.,Giữ giá trị trống; kiểm tra lại khi mapping/source thay đổi.
2026-04,Phễu × Campaign objective,Phễu,BOFU,Campaign objective,Chưa xác định,,,,JOYCAT_CAMPAIGN_3_THANG_CO_CHI_PHI_OBJECTIVE_DEMO.xlsx,Campaign_3_tháng,,Objective: human-curated hiện hành; Phễu: chưa khóa,Chưa quan sát tổ hợp trong phạm vi đã kiểm tra,Không có dòng Campaign được gắn vào tổ hợp này; không được đổi thành Ads Cost = 0.,Giữ giá trị trống; kiểm tra lại khi mapping/source thay đổi.
2026-05,Phễu × Campaign objective,Phễu,TOFU,Campaign objective,Engagement - Messaging,,,,JOYCAT_CAMPAIGN_3_THANG_CO_CHI_PHI_OBJECTIVE_DEMO.xlsx,Campaign_3_tháng,,Objective: human-curated hiện hành; Phễu: chưa khóa,Chưa quan sát tổ hợp trong phạm vi đã kiểm tra,Không có dòng Campaign được gắn vào tổ hợp này; không được đổi thành Ads Cost = 0.,Giữ giá trị trống; kiểm tra lại khi mapping/source thay đổi.
2026-05,Phễu × Campaign objective,Phễu,TOFU,Campaign objective,Engagement - Post engagement,,5,2870645,JOYCAT_CAMPAIGN_3_THANG_CO_CHI_PHI_OBJECTIVE_DEMO.xlsx,Campaign_3_tháng,"68,81,82,87,88",Objective: human-curated hiện hành; Phễu: chưa khóa,Tính được bằng human mapping,Phễu và Objective suy luận nằm trên cùng dòng Campaign có spend.,Khóa rule/version/owner Phễu; giữ basis/version/reviewer của Objective.
2026-05,Phễu × Campaign objective,Phễu,TOFU,Campaign objective,Sales - Purchase,,,,JOYCAT_CAMPAIGN_3_THANG_CO_CHI_PHI_OBJECTIVE_DEMO.xlsx,Campaign_3_tháng,,Objective: human-curated hiện hành; Phễu: chưa khóa,Chưa quan sát tổ hợp trong phạm vi đã kiểm tra,Không có dòng Campaign được gắn vào tổ hợp này; không được đổi thành Ads Cost = 0.,Giữ giá trị trống; kiểm tra lại khi mapping/source thay đổi.
2026-05,Phễu × Campaign objective,Phễu,TOFU,Campaign objective,Sales - Purchase [Suy luận từ tên Campaign],,,,JOYCAT_CAMPAIGN_3_THANG_CO_CHI_PHI_OBJECTIVE_DEMO.xlsx,Campaign_3_tháng,,Objective: human-curated hiện hành; Phễu: chưa khóa,Chưa quan sát tổ hợp trong phạm vi đã kiểm tra,Không có dòng Campaign được gắn vào tổ hợp này; không được đổi thành Ads Cost = 0.,Giữ giá trị trống; kiểm tra lại khi mapping/source thay đổi.
2026-05,Phễu × Campaign objective,Phễu,TOFU,Campaign objective,Awareness - Ad recall,,1,143690,JOYCAT_CAMPAIGN_3_THANG_CO_CHI_PHI_OBJECTIVE_DEMO.xlsx,Campaign_3_tháng,84,Objective: human-curated hiện hành; Phễu: chưa khóa,Tính được bằng human mapping,Phễu và Objective suy luận nằm trên cùng dòng Campaign có spend.,Khóa rule/version/owner Phễu; giữ basis/version/reviewer của Objective.
2026-05,Phễu × Campaign objective,Phễu,TOFU,Campaign objective,Chưa xác định,,,,JOYCAT_CAMPAIGN_3_THANG_CO_CHI_PHI_OBJECTIVE_DEMO.xlsx,Campaign_3_tháng,,Objective: human-curated hiện hành; Phễu: chưa khóa,Chưa quan sát tổ hợp trong phạm vi đã kiểm tra,Không có dòng Campaign được gắn vào tổ hợp này; không được đổi thành Ads Cost = 0.,Giữ giá trị trống; kiểm tra lại khi mapping/source thay đổi.
2026-05,Phễu × Campaign objective,Phễu,MOFU,Campaign objective,Engagement - Messaging,,12,38021620,JOYCAT_CAMPAIGN_3_THANG_CO_CHI_PHI_OBJECTIVE_DEMO.xlsx,Campaign_3_tháng,"65,71,72,73,74,76,77,78,79,80,86,89",Objective: human-curated hiện hành; Phễu: chưa khóa,Tính được bằng human mapping,Phễu và Objective suy luận nằm trên cùng dòng Campaign có spend.,Khóa rule/version/owner Phễu; giữ basis/version/reviewer của Objective.
2026-05,Phễu × Campaign objective,Phễu,MOFU,Campaign objective,Engagement - Post engagement,,,,JOYCAT_CAMPAIGN_3_THANG_CO_CHI_PHI_OBJECTIVE_DEMO.xlsx,Campaign_3_tháng,,Objective: human-curated hiện hành; Phễu: chưa khóa,Chưa quan sát tổ hợp trong phạm vi đã kiểm tra,Không có dòng Campaign được gắn vào tổ hợp này; không được đổi thành Ads Cost = 0.,Giữ giá trị trống; kiểm tra lại khi mapping/source thay đổi.
2026-05,Phễu × Campaign objective,Phễu,MOFU,Campaign objective,Sales - Purchase,,,,JOYCAT_CAMPAIGN_3_THANG_CO_CHI_PHI_OBJECTIVE_DEMO.xlsx,Campaign_3_tháng,,Objective: human-curated hiện hành; Phễu: chưa khóa,Chưa quan sát tổ hợp trong phạm vi đã kiểm tra,Không có dòng Campaign được gắn vào tổ hợp này; không được đổi thành Ads Cost = 0.,Giữ giá trị trống; kiểm tra lại khi mapping/source thay đổi.
2026-05,Phễu × Campaign objective,Phễu,MOFU,Campaign objective,Sales - Purchase [Suy luận từ tên Campaign],,,,JOYCAT_CAMPAIGN_3_THANG_CO_CHI_PHI_OBJECTIVE_DEMO.xlsx,Campaign_3_tháng,,Objective: human-curated hiện hành; Phễu: chưa khóa,Chưa quan sát tổ hợp trong phạm vi đã kiểm tra,Không có dòng Campaign được gắn vào tổ hợp này; không được đổi thành Ads Cost = 0.,Giữ giá trị trống; kiểm tra lại khi mapping/source thay đổi.
2026-05,Phễu × Campaign objective,Phễu,MOFU,Campaign objective,Awareness - Ad recall,,,,JOYCAT_CAMPAIGN_3_THANG_CO_CHI_PHI_OBJECTIVE_DEMO.xlsx,Campaign_3_tháng,,Objective: human-curated hiện hành; Phễu: chưa khóa,Chưa quan sát tổ hợp trong phạm vi đã kiểm tra,Không có dòng Campaign được gắn vào tổ hợp này; không được đổi thành Ads Cost = 0.,Giữ giá trị trống; kiểm tra lại khi mapping/source thay đổi.
2026-05,Phễu × Campaign objective,Phễu,MOFU,Campaign objective,Chưa xác định,,1,185945,JOYCAT_CAMPAIGN_3_THANG_CO_CHI_PHI_OBJECTIVE_DEMO.xlsx,Campaign_3_tháng,75,Objective: human-curated hiện hành; Phễu: chưa khóa,Tính được bằng human mapping,Phễu và Objective suy luận nằm trên cùng dòng Campaign có spend.,Khóa rule/version/owner Phễu; giữ basis/version/reviewer của Objective.
2026-05,Phễu × Campaign objective,Phễu,BOFU,Campaign objective,Engagement - Messaging,,,,JOYCAT_CAMPAIGN_3_THANG_CO_CHI_PHI_OBJECTIVE_DEMO.xlsx,Campaign_3_tháng,,Objective: human-curated hiện hành; Phễu: chưa khóa,Chưa quan sát tổ hợp trong phạm vi đã kiểm tra,Không có dòng Campaign được gắn vào tổ hợp này; không được đổi thành Ads Cost = 0.,Giữ giá trị trống; kiểm tra lại khi mapping/source thay đổi.
2026-05,Phễu × Campaign objective,Phễu,BOFU,Campaign objective,Engagement - Post engagement,,,,JOYCAT_CAMPAIGN_3_THANG_CO_CHI_PHI_OBJECTIVE_DEMO.xlsx,Campaign_3_tháng,,Objective: human-curated hiện hành; Phễu: chưa khóa,Chưa quan sát tổ hợp trong phạm vi đã kiểm tra,Không có dòng Campaign được gắn vào tổ hợp này; không được đổi thành Ads Cost = 0.,Giữ giá trị trống; kiểm tra lại khi mapping/source thay đổi.
2026-05,Phễu × Campaign objective,Phễu,BOFU,Campaign objective,Sales - Purchase,,4,14232154,JOYCAT_CAMPAIGN_3_THANG_CO_CHI_PHI_OBJECTIVE_DEMO.xlsx,Campaign_3_tháng,"69,70,83,85",Objective: human-curated hiện hành; Phễu: chưa khóa,Tính được bằng human mapping,Phễu và Objective suy luận nằm trên cùng dòng Campaign có spend.,Khóa rule/version/owner Phễu; giữ basis/version/reviewer của Objective.
2026-05,Phễu × Campaign objective,Phễu,BOFU,Campaign objective,Sales - Purchase [Suy luận từ tên Campaign],,2,8063977,JOYCAT_CAMPAIGN_3_THANG_CO_CHI_PHI_OBJECTIVE_DEMO.xlsx,Campaign_3_tháng,"66,67",Objective: human-curated hiện hành; Phễu: chưa khóa,Tính được bằng human mapping,Phễu và Objective suy luận nằm trên cùng dòng Campaign có spend.,Khóa rule/version/owner Phễu; giữ basis/version/reviewer của Objective.
2026-05,Phễu × Campaign objective,Phễu,BOFU,Campaign objective,Awareness - Ad recall,,,,JOYCAT_CAMPAIGN_3_THANG_CO_CHI_PHI_OBJECTIVE_DEMO.xlsx,Campaign_3_tháng,,Objective: human-curated hiện hành; Phễu: chưa khóa,Chưa quan sát tổ hợp trong phạm vi đã kiểm tra,Không có dòng Campaign được gắn vào tổ hợp này; không được đổi thành Ads Cost = 0.,Giữ giá trị trống; kiểm tra lại khi mapping/source thay đổi.
2026-05,Phễu × Campaign objective,Phễu,BOFU,Campaign objective,Chưa xác định,,,,JOYCAT_CAMPAIGN_3_THANG_CO_CHI_PHI_OBJECTIVE_DEMO.xlsx,Campaign_3_tháng,,Objective: human-curated hiện hành; Phễu: chưa khóa,Chưa quan sát tổ hợp trong phạm vi đã kiểm tra,Không có dòng Campaign được gắn vào tổ hợp này; không được đổi thành Ads Cost = 0.,Giữ giá trị trống; kiểm tra lại khi mapping/source thay đổi.
